광고주,Longevity밴드,검토상태,게재상태,게재일수,광고ID,광고링크,광고주tier,라이브러리시작일,미디어링크,미디어타입,변형수,운영모드,위너점수,최종관측일,최초관측일,카피발췌,타깃
Cafe24,30–60일,신규,활성,32,1241835164484098,https://www.facebook.com/ads/library/?id=1241835164484098,top,2026-05-17,https://scontent.fesb4-1.fna.fbcdn.net/v/t39.35426-6/687034018_976542078157103_8064364058067072277_n.jpg?_nc_cat=105&ccb=1-7&_nc_sid=c53f8f&_nc_ohc=eGOEq84At90Q7kNvwF98QvO&_nc_oc=AdoZXb6suE21JcqRQwqAaY4UVibs4Bo2P-QUcg_Krp1b0ulIvegTYP12B84tesnQaNI&_nc_zt=14&_nc_ht=scontent.fesb4-1.fna&_nc_gid=jxGNlZRvURy7uIPOhjppiw&_nc_ss=7f289&oh=00_Af8QsTpvFYAZr73lsgdp4oMpb82hd0dAKBSLugczALfB4g&oe=6A3916FF,image,3,DCO,2.9,2026-06-18,2026-06-18,"사장님, 쇼핑몰 창업 0원으로 시작해 보세요 🎈
비용 걱정 없이 사장님만의 브랜드를 만들 수 있어요.

운영은 더 쉽게, 마음은 더 자유롭게!
복잡하고 어려운 건 저희가 다 챙길게요

지금 바로 나만의 쇼핑몰을 열어볼까요? 🚀",
Cafe24,30–60일,신규,활성,30,988912706835604,https://www.facebook.com/ads/library/?id=988912706835604,top,2026-05-19,https://scontent.fesb4-5.fna.fbcdn.net/v/t39.35426-6/667993522_967608352319474_1669790522270412126_n.jpg?_nc_cat=108&ccb=1-7&_nc_sid=c53f8f&_nc_ohc=ekIa2bAZIVoQ7kNvwEKbz_8&_nc_oc=Adof8M4DyHsNtXTwW5DL6h3F2pj6VxbfSFEc25uBkWoR03W1WSklqH7QrmRtTyQ-OOI&_nc_zt=14&_nc_ht=scontent.fesb4-5.fna&_nc_gid=jxGNlZRvURy7uIPOhjppiw&_nc_ss=7f289&oh=00_Af-x_okzybki0oX_YMWtIV8h-g4t_bqaX7cfDtQiSQzmXw&oe=6A39257C,image,3,DCO,2.9,2026-06-18,2026-06-18,"쌓인 재고는 곧 손실 📦
박스만 늘어나는 마케팅은 이제 그만!!

광고만 돌리는 대행사는 창고 사정을 몰라요..
카페24는 재고 회전율까지 읽고 전략을 짭니다!

안 팔리는 물건은 비우고, 수익은 채우는 밀착 케어💌
카페24 마케팅으로 교정하세요!

#카페24마케팅 #마케팅 #쇼핑몰광고 #쇼핑몰광고대행사 #광고대행사 #재고관리",
Cafe24,30–60일,신규,활성,32,1306019417640294,https://www.facebook.com/ads/library/?id=1306019417640294,top,2026-05-17,https://scontent.fesb4-1.fna.fbcdn.net/v/t39.35426-6/702044084_849540150926603_1185713344189844445_n.jpg?_nc_cat=107&ccb=1-7&_nc_sid=c53f8f&_nc_ohc=AKnUf67gS5AQ7kNvwGVLouY&_nc_oc=AdohOcxmprm0m8YZ-9RgZ0NOz_KyjvxAoZ2SuykC_rJGyN-U4KJ-_5eu8Aq63jl2AIM&_nc_zt=14&_nc_ht=scontent.fesb4-1.fna&_nc_gid=jxGNlZRvURy7uIPOhjppiw&_nc_ss=7f289&oh=00_Af8fsQLE9DVNKhFN6mecCx_9uHyC0ag6qPO20cR47chqYA&oe=6A393955,image,3,DCO,2.9,2026-06-18,2026-06-18,"광고 효율은 좋은데 창고가 비워지지 않나요?
겉으로 보이는 수치보다 진짜 중요한 건 상품의 순환이니까요.

카페24는 국내에서 유일하게 재고 데이터까지 읽으며 마케팅해요!
진짜 남는 장사를 위해 지금 무료로 진단해 보세요.

#재고관리 #카페24재고 #카페24마케팅센터 #광고대행",
Cafe24,30–60일,신규,활성,32,1685062472732484,https://www.facebook.com/ads/library/?id=1685062472732484,top,2026-05-17,https://scontent.fesb4-2.fna.fbcdn.net/v/t39.35426-6/687028356_1787030625606631_7684850294991603206_n.jpg?_nc_cat=109&ccb=1-7&_nc_sid=c53f8f&_nc_ohc=5koJ1A1DVmkQ7kNvwFH061P&_nc_oc=Adr1OUV5aqpPO18PIBsMvjTccO2yMCRESLcp0RIdjFLOPt3AGcPaco23lL6BO2zTsGQ&_nc_zt=14&_nc_ht=scontent.fesb4-2.fna&_nc_gid=jxGNlZRvURy7uIPOhjppiw&_nc_ss=7f289&oh=00_Af_8LIvMhb-95iGrGWCJ2F7Cw_5pfz2if83m_U4f3lJWng&oe=6A392C72,image,3,DCO,2.9,2026-06-18,2026-06-18,"사장님, 아직도 광고비 먼저 내고 계세요? 🤫 
진짜 '돈 버는 사장님'들만 몰래 쓰는 치트키 하나 알려드릴게요. 

메타, 구글, 네이버, 카카오 광고를 0원으로 시작하는 법! 
매출은 5배, 10배 먼저 키우고 광고비는 나중에 내세요.

자금 걱정 때문에 멈춰있던 성장의 기회, 이 '비밀'을 아는 순간 사장님의 매출 그래프가 바뀝니다.

#카페24후불광",
Cafe24,30–60일,신규,활성,31,2582577015531815,https://www.facebook.com/ads/library/?id=2582577015531815,top,2026-05-18,https://scontent.fesb4-2.fna.fbcdn.net/v/t39.35426-6/694281574_2953920091607884_2771465831981742568_n.jpg?_nc_cat=111&ccb=1-7&_nc_sid=c53f8f&_nc_ohc=ycpCOWD3QdYQ7kNvwGPuhrH&_nc_oc=Adpw0xfrNIeWxtW5fFkPRTGK2JhxR9npg6-l6FM7OrjVe5JZV_BJg5e4gqcqMSJt_mQ&_nc_zt=14&_nc_ht=scontent.fesb4-2.fna&_nc_gid=jxGNlZRvURy7uIPOhjppiw&_nc_ss=7f289&oh=00_Af_DaxovIiYlkSpti5DwcZXrNqWv9u7RqcmGjl09bLh5vg&oe=6A39445A,image,3,DCO,2.9,2026-06-18,2026-06-18,"메타 광고, 초기 비용 없이 먼저 시작할 수 있어요

먼저 홍보해서 매출부터 확실히 키우고, 
결제는 나중에 천천히 하세요.

부담 없는 시작, 카페24 후불 광고와 함께
지금 바로 해보세요!

#카페24후불광고 #후불광고 #카페24마케팅센터 #광고대행",
Cafe24,30–60일,신규,활성,30,3848605078609136,https://www.facebook.com/ads/library/?id=3848605078609136,top,2026-05-19,https://scontent.fsgn18-1.fna.fbcdn.net/v/t39.35426-6/689598515_2177682616355918_144333096875438550_n.jpg?_nc_cat=108&ccb=1-7&_nc_sid=c53f8f&_nc_ohc=OHOICdWFVrwQ7kNvwE9Df7M&_nc_oc=AdptYdpHhBJYwHpHFY051ejgRNbp6RhraLCFbfmBnteZhLQxp5P0ufugT-HLJ9Wt4Fk&_nc_zt=14&_nc_ht=scontent.fsgn18-1.fna&_nc_gid=UcSM9iSJIWwUTF9scdJ0_Q&_nc_ss=7f180&oh=00_Af-Z50hup3qbvjz-jGtE8F94Tkoa1o6Oj5I-eXpscBPhyA&oe=6A393BAD,image,3,DCO,2.9,2026-06-18,2026-06-18,"나보다 늦게 시작해도 더 잘 나가는 이유 📈
단순한 노력이 아니라 시스템의 차이예요!

광고비 부담은 미루고 매출부터 먼저 키우는 치트키.
카페24 후불광고가 순위 역전을 현실로 만들어요

지금 신청하면 전문가의 광고 세팅까지 전액 무료 지원💥

#카페24후불광고 #광고대행 #후불광고 #광고대행사 #쇼핑몰광고대행 #쇼핑몰광고",
Cafe24,30–60일,신규,활성,32,1015410324294866,https://www.facebook.com/ads/library/?id=1015410324294866,top,2026-05-17,https://scontent.fsgn18-1.fna.fbcdn.net/v/t39.35426-6/690625222_970091939050624_768373363539156595_n.jpg?_nc_cat=101&ccb=1-7&_nc_sid=c53f8f&_nc_ohc=1nM2M6yxW2MQ7kNvwFBX-2A&_nc_oc=Adqm0PyoiwDdqFpGDObhD1F3OIBtnQmEIoQofXtjL3QOLHaH4LZ6qeLhX2n2FgWfPDM&_nc_zt=14&_nc_ht=scontent.fsgn18-1.fna&_nc_gid=UcSM9iSJIWwUTF9scdJ0_Q&_nc_ss=7f180&oh=00_Af-ovi2Hh4dXR8p_CKEhKC755KIJNLt11CfWkFPXDHqQhg&oe=6A3934C7,image,3,DCO,2.9,2026-06-18,2026-06-18,"광고비 0원으로 시작하는 비즈니스
네이버부터 메타까지, 주요 매체 올인원 지원!

초기 비용 부담은 지우고 매출부터 먼저 키우세요
복잡한 광고 세팅은 카페24 전문가가 전액 무료로 책임집니다

#카페24후불광고 #후불광고 #광고대행 #쇼핑몰광고",
Cafe24,30–60일,신규,활성,32,2142126563240608,https://www.facebook.com/ads/library/?id=2142126563240608,top,2026-05-17,https://scontent.fsgn18-1.fna.fbcdn.net/v/t39.35426-6/658869023_1447136857156185_4271939770403134341_n.jpg?_nc_cat=108&ccb=1-7&_nc_sid=c53f8f&_nc_ohc=ioHy3T1rW7YQ7kNvwFS7We1&_nc_oc=AdqVsHIc5AyMHc_q0Kk37JEwBosvBecszsNQdZ9AXq_15aleNe8l_lO8mQRl9toCBLc&_nc_zt=14&_nc_ht=scontent.fsgn18-1.fna&_nc_gid=UcSM9iSJIWwUTF9scdJ0_Q&_nc_ss=7f180&oh=00_Af_qWIhjDCjAMn9BX6SQM9k8CtsYQv9kzmuCdKFtMhCrKg&oe=6A391983,image,3,DCO,2.9,2026-06-18,2026-06-18,"창고에 쌓인 박스들, 볼 때마다 마음이 무거우시죠? 📦 
진짜 마케팅은 단순히 광고만 돌리는 게 아니에요, 사장님의 재고 현황까지 들여다보고 전략을 짜야죠!

안 팔리는 물건은 프로모션으로 털어내고, 잘 팔릴 물건은 미리 확보하고! 
이제 혼자 끙끙 앓지 말고 카페24 전문가에게 사장님의 창고와 마케팅을 통째로 맡겨보세요

#카페24마케팅 #카페24마케팅센",
Cafe24,30–60일,신규,활성,31,24763139736716838,https://www.facebook.com/ads/library/?id=24763139736716838,top,2026-05-18,https://scontent.fsgn18-1.fna.fbcdn.net/v/t39.35426-6/649305115_904232045581891_6416584652256808787_n.jpg?_nc_cat=108&ccb=1-7&_nc_sid=c53f8f&_nc_ohc=6IpsZ7nnGFQQ7kNvwGbWSxD&_nc_oc=AdoeuBamNoVhp9XldnDFN5rEcXOZpwE1cV5a39lgX6POMbDxlsT4SGG0a2Y4Ix4HF4M&_nc_zt=14&_nc_ht=scontent.fsgn18-1.fna&_nc_gid=UcSM9iSJIWwUTF9scdJ0_Q&_nc_ss=7f180&oh=00_Af-yNfY0XQ-tZ80-loS6LXPQ5QWnWWohc61Lx--NicaDyg&oe=6A394395,image,3,DCO,2.9,2026-06-18,2026-06-18,"성수기가 코앞인데 설마 '어떻게든 되겠지' 하고 계신 건 아니죠? 🔔
D-14, 골든타임은 지금부터입니다. 

남들 다 노리는 대목, 광고비 걱정 때문에 망설이다 놓치면 1년을 후회해요 😥
매출부터 5배 키우고 광고비는 나중에 내는 카페24 후불광고로 이번 성수기의 주인공이 되세요!

#카페24 #후불광고 #광고대행",
Cafe24,30–60일,신규,활성,31,1559137509125984,https://www.facebook.com/ads/library/?id=1559137509125984,top,2026-05-18,https://scontent.fsgn18-1.fna.fbcdn.net/v/t39.35426-6/661407324_1509192020734336_3020684247441866776_n.jpg?_nc_cat=104&ccb=1-7&_nc_sid=c53f8f&_nc_ohc=bak-RRzzTX4Q7kNvwHfSD6A&_nc_oc=AdrjQheghTgfz17WXgt47othvAYlnghVHhBaEur-lYt7lLlXmYpbUWKqLiAt_0ROdpU&_nc_zt=14&_nc_ht=scontent.fsgn18-1.fna&_nc_gid=UcSM9iSJIWwUTF9scdJ0_Q&_nc_ss=7f180&oh=00_Af9QhtbmDVh11IBEY15beNMCkTJiItVmm2l1BdOmsedqhA&oe=6A3917BA,image,3,DCO,2.9,2026-06-18,2026-06-18,"광고는 신나게 돌렸는데 정작 주문 들어오니 품절이거나
애써 들여온 신상이 창고에서 잠자고 있나요? 📉 

마케팅은 광고비 태우는 게 아니라 '재고의 흐름'을 읽는 것입니다. 
잘 나가는 상품은 끊기지 않게 발주 알림, 정체된 재고는 시원하게 세일 전략을! 

사장님의 창고 컨디션까지 챙기는 카페24 마케팅으로 비즈니스의 체급을 키우세요

#카페24마케팅센터",
Cafe24,30–60일,신규,활성,32,2596515850750684,https://www.facebook.com/ads/library/?id=2596515850750684,top,2026-05-17,https://scontent.fsgn18-1.fna.fbcdn.net/v/t39.35426-6/668894122_1277705560413430_2909780753481707788_n.jpg?_nc_cat=106&ccb=1-7&_nc_sid=c53f8f&_nc_ohc=6vfdtQU6cuoQ7kNvwFlRYVn&_nc_oc=AdpFAqHD00x-Ee01qssBS1KVkvFMLFPJ2x7Q36nyhG-fXilYqH-fHQB7Lot2Ux6aaKA&_nc_zt=14&_nc_ht=scontent.fsgn18-1.fna&_nc_gid=-SaXsaoVzB4EhZX1C2HcsQ&_nc_ss=7f180&oh=00_Af-1U2XIgy135u2hrrlV-OBTFa3XiCkz4qQ7ZvWKrlx62A&oe=6A39217B,image,3,DCO,2.9,2026-06-18,2026-06-18,"매출이 전부가 아닙니다! 쌓인 재고는 곧 손실.. 📦
광고만 돌리는 건 이제 반쪽짜리 마케팅이에요

카페24는 실시간 창고 사정까지 고려해 예산을 최적화해요
잘 나가는 건 품절 방지, 안 나가는 건 전략적 세일로!

#카페24마케팅 #재고마케팅 #쇼핑몰광고 #쇼핑몰광고대행 #광고대행사",
Cafe24,30–60일,신규,활성,30,991504776720790,https://www.facebook.com/ads/library/?id=991504776720790,top,2026-05-19,https://scontent.fsgn18-1.fna.fbcdn.net/v/t39.35426-6/674598025_1466700624856200_3014627470644653537_n.jpg?_nc_cat=106&ccb=1-7&_nc_sid=c53f8f&_nc_ohc=OPwycr19WSEQ7kNvwF9Uf1z&_nc_oc=AdqSbLoSlXy1tcuQoJK1mx8Uh99XT0VBgbJNcMmFMU_s0QRqIUqNZx4HxQqOsqdTrEw&_nc_zt=14&_nc_ht=scontent.fsgn18-1.fna&_nc_gid=-SaXsaoVzB4EhZX1C2HcsQ&_nc_ss=7f180&oh=00_Af81gvkIc6KtniXd8-qx7RFlXNZYH89z8uO39oRpryQa1w&oe=6A393E97,image,3,DCO,2.9,2026-06-18,2026-06-18,"내 사업, 지금 건강한지 체크해 보세요 ✅
광고만 잘 돌아간다고 전부는 아니니까요

쌓인 재고가 비워져야 진짜 수익이 남아요.
카페24는 사장님 창고 사정까지 꼼꼼히 챙길게요!

복잡한 숫자는 맡기고 더 큰 성장만 생각하세요
저희가 함께할게요 🎈",
Cafe24,30–60일,신규,활성,30,2022374131725322,https://www.facebook.com/ads/library/?id=2022374131725322,top,2026-05-19,https://scontent.fsgn18-1.fna.fbcdn.net/v/t39.35426-6/657375900_1246449120464887_2380311218529479015_n.jpg?_nc_cat=101&ccb=1-7&_nc_sid=c53f8f&_nc_ohc=fC2HzbpKB9QQ7kNvwH63z2G&_nc_oc=Ado7LKLFh39XG9Jka1Lr4JBGEJ7iFZx474Efd8b_-u5sKjkVQ_EedKnbQBlnqTkg9bU&_nc_zt=14&_nc_ht=scontent.fsgn18-1.fna&_nc_gid=-SaXsaoVzB4EhZX1C2HcsQ&_nc_ss=7f180&oh=00_Af_wfX4XRKndvvtz8JVuc3jiWgHSE70CI72TRXdtLPHBvA&oe=6A393353,image,3,DCO,2.9,2026-06-18,2026-06-18,"광고비로 수백만 원 쓰고 있는데, 정작 손에 쥐어지는 수익은.. 💸 

입점 채널은 늘어나는데 재고만 쌓이고 남는 게 없다면, 마케팅 전략이 근본부터 잘못된 거예요 
이제 단순히 클릭만 부르는 광고는 그만하세요🙅‍♀️ 

사장님의 창고 사정까지 고려해 '진짜 이익'을 남겨주는 카페24 마케팅으로 갈아타야 할 때입니다.

#카페24마케팅 #카페24마케팅센터 ",
Cafe24,30–60일,신규,활성,32,981441827590964,https://www.facebook.com/ads/library/?id=981441827590964,top,2026-05-17,https://scontent.fsgn18-1.fna.fbcdn.net/v/t39.35426-6/651238713_1911425899565704_1160167859105876903_n.jpg?_nc_cat=106&ccb=1-7&_nc_sid=c53f8f&_nc_ohc=9noBSvrm6e0Q7kNvwE5RiiT&_nc_oc=AdoOc5wt7PmYMqp3ZigqkdC-2BmJfwC7cWE84LMpRmHuVCcDeuU9A9URklKs89lUA8k&_nc_zt=14&_nc_ht=scontent.fsgn18-1.fna&_nc_gid=-SaXsaoVzB4EhZX1C2HcsQ&_nc_ss=7f180&oh=00_Af-dKWgeE2sP5QbHNfCMHb7oTJlOI0GmyeT7qFQ1gFIGyw&oe=6A393036,image,3,DCO,2.9,2026-06-18,2026-06-18,"광고는 데이터로 돌리는데, 창고 재고는 아직도 '감'으로 관리하신다면.. 📉
잘 나가는 제품은 제때 발주하고, 쌓여있는 재고는 영리하게 프로모션으로 녹여내야 진짜 이익이 남죠!

마케팅이 물류 지표까지 분석할 때 비즈니스의 체급이 달라집니다. 
카페24 마케팅센터와 함께 '팔리는 구조'를 완성하세요!

#카페24 #마케팅 #광고대행 #카페24마케팅센터",
Cafe24,30–60일,신규,활성,32,4428950517317989,https://www.facebook.com/ads/library/?id=4428950517317989,top,2026-05-17,https://scontent.fesb3-1.fna.fbcdn.net/v/t39.35426-6/611202244_1213464600740205_1262055972164336272_n.jpg?_nc_cat=103&ccb=1-7&_nc_sid=c53f8f&_nc_ohc=zfas-s9upToQ7kNvwE1eEvn&_nc_oc=AdpCw9RXi1MzfuOj1eVybBtp3fxcCpx1OBR6ckrSxJokTp5dG2KYuWsa7vKKI71Fu9o&_nc_zt=14&_nc_ht=scontent.fesb3-1.fna&_nc_gid=jxGNlZRvURy7uIPOhjppiw&_nc_ss=7f289&oh=00_Af8gCYimqmVEp8ETMDjQcwGOmj5L4uFE8LILVbIzvzpHGQ&oe=6A392AD0,video,1,단일,2.8,2026-06-18,2026-06-18,"다들 왜케 부지런해... 요즘 나 빼고 다 부업해...😮‍💨 #광고 
 
요즘 회사만 다녀서는 돈 모으기 쉽지 않자나요ㅜㅜ
그래서 주변 친구들 대부분 퇴근하고 부업하던데
안그래도 힘든데 어떻게 하나.. 진짜 부지런하다
싶었거든요!? 근데 왠걸.. 시간 투자 많이 안해도
가능하더라구요!!
 
그래서 저도 고민하다가 쇼핑몰 만들었습니다!
여러분 저 사장님 됐어",
Cafe24,30–60일,신규,활성,32,931205313209876,https://www.facebook.com/ads/library/?id=931205313209876,top,2026-05-17,https://scontent.fesb9-1.fna.fbcdn.net/v/t39.35426-6/606405546_1415173070250722_2681117861744015649_n.jpg?_nc_cat=101&ccb=1-7&_nc_sid=c53f8f&_nc_ohc=vDIbD3GiAPsQ7kNvwFpHs3a&_nc_oc=AdoAcHTRP-KXHhkWDC3jVOmLBg10EDWX7vjbXyWVKx97k9aEn0JlbsiHH8waVJY-OE0&_nc_zt=14&_nc_ht=scontent.fesb9-1.fna&_nc_gid=jxGNlZRvURy7uIPOhjppiw&_nc_ss=7f289&oh=00_Af_n6kq1DptdozlldAxDHeU6Shblz-EY22_tILeO7NopWw&oe=6A3940EE,video,1,단일,2.8,2026-06-18,2026-06-18,"1년에 27번 해외 여행 가는 직업?!✈️🤍 #광고
콘텐츠를 만들고 여행 크리에이터로 저는 활동하고 있는데요! 현재의 주 수입원은 각종 브랜드 협업, 촬영 등이 있어요! 그러면서 출장이 잦아지면서 요즘 생긴 고민은 한국에 있을 시간이 너무 없어서 나만의 브랜드 운영을 시도 조차 해볼 수 없다는 점인데요🥲
 
그러다 알게 된 게 카페24 pro!
 
복잡한 ",
Cafe24,30–60일,신규,활성,31,1333448822001747,https://www.facebook.com/ads/library/?id=1333448822001747,top,2026-05-18,https://scontent.fsgn18-1.fna.fbcdn.net/v/t39.35426-6/605571391_1637595604276072_2947964344186037330_n.jpg?_nc_cat=110&ccb=1-7&_nc_sid=c53f8f&_nc_ohc=CJeM8r-z-hQQ7kNvwFjejIQ&_nc_oc=AdrEXGOMoQCW42YG-rZ-tQSvsU0NklTklgf28nk5FRm_3hJG17uyETBP4HZAU8Ailyo&_nc_zt=14&_nc_ht=scontent.fsgn18-1.fna&_nc_gid=UcSM9iSJIWwUTF9scdJ0_Q&_nc_ss=7f180&oh=00_Af9sYZcvvgh56KZD_QBoK5mkG8-G35Q5ErwKboay-RzmWw&oe=6A3910BF,video,1,단일,2.8,2026-06-18,2026-06-18,"#광고 여행 다니면서
수백만원 버는 치트키는
카페24 PRO!

카페24 PRO 활용하면
상세페이지부터
마케팅, 운영, 해외배송, 고객관리까지
다 해주니까,
시간이 엄청 많이 남아서
여행 다니면서도
수백만원을 벌 수 있어요!

대박이죠?

내 상품만 있으면
바로 시작가능하니
댓글에 카페24 적고
받아가세요!

#n잡 #부업 #1억모으기",
Cafe24,30–60일,신규,활성,32,1328561335890153,https://www.facebook.com/ads/library/?id=1328561335890153,top,2026-05-17,https://scontent.fsgn18-1.fna.fbcdn.net/v/t39.35426-6/594019436_1213731977289770_1545831456108541774_n.jpg?_nc_cat=102&ccb=1-7&_nc_sid=c53f8f&_nc_ohc=IWakqsNR_RMQ7kNvwGizxnR&_nc_oc=Adoo1flLXaCw1HjnmCeoP5L6COyFd76LX2grQRNAaxcYQ1whKLGHETjbQLl9Md6LN8E&_nc_zt=14&_nc_ht=scontent.fsgn18-1.fna&_nc_gid=UcSM9iSJIWwUTF9scdJ0_Q&_nc_ss=7f180&oh=00_Af9fO7RAKwrvkP9-0lb8-vFjeoGx1KqHn0wA7KKeul8weg&oe=6A393B96,video,2,DCO,2.8,2026-06-18,2026-06-18,"이너마음은 어떻게 4개월 만에 매출 1억을 만들었을까?

답은 명확합니다.
'좋은 제품력' + ‘잘 팔리는 쇼핑몰’

이너마음은 카페24 PRO를 선택했습니다.
PRO가 상세페이지, SEO, CRM, 고객 응대까지 운영 구조를 잡아주고 대표는 본질(제품·콘텐츠·브랜딩)에 집중할 수 있었죠.

300 → 1억, 55배 성장을 만들었습니다..⭐
✅지금 PRO는",
Cafe24,30–60일,신규,활성,30,1505471834573803,https://www.facebook.com/ads/library/?id=1505471834573803,top,2026-05-19,https://scontent.fsgn18-1.fna.fbcdn.net/v/t39.35426-6/611960055_2370834246655307_142774032694156856_n.jpg?_nc_cat=106&ccb=1-7&_nc_sid=c53f8f&_nc_ohc=Cnpx3P3T5ZgQ7kNvwH6saas&_nc_oc=AdqCZAMTXgtVhziznEi3EitmX8zn9YnAUdJtJx31imh7_HckTjmr88LTM6jBC0sRnLI&_nc_zt=14&_nc_ht=scontent.fsgn18-1.fna&_nc_gid=UcSM9iSJIWwUTF9scdJ0_Q&_nc_ss=7f180&oh=00_Af-qkDlyVckJUROdJg5DShGYc3RbKbtzn5MQh9BB_OjTgg&oe=6A3928AF,image,1,단일,2.8,2026-06-18,2026-06-18,"매일 선착순 4팀! 쇼핑몰 다 만들어드립니다!

쇼핑몰 창업, 처음이라 뭐부터 해야 할지 모르시겠다면? 직접 알려드리겠습니다.

카페24 동대문창업센터에서
1:1로 쇼핑몰 개설부터 운영방법까지
차근차근 도와드려요.

✅ 카페24 PRO, 저희가 다 만들어드립니다.
월~목 운영, 네이버 예약 후 방문해주세요.

💡 혼자 고민하지 마세요.
창업 과외, 카페24",
Cafe24,30–60일,신규,활성,30,3124953391021060,https://www.facebook.com/ads/library/?id=3124953391021060,top,2026-05-19,https://scontent.fsgn18-1.fna.fbcdn.net/v/t39.35426-6/608565407_1901151873944194_1988673310789152610_n.jpg?_nc_cat=102&ccb=1-7&_nc_sid=c53f8f&_nc_ohc=Ub6YoNbaS30Q7kNvwHv5xbh&_nc_oc=Adr44eTkDdIWIHvTBTQg8UyjxXja0wZnJ2kEdhiA4yIedFMjp_x3GPZnPYWmPxI4hlw&_nc_zt=14&_nc_ht=scontent.fsgn18-1.fna&_nc_gid=UcSM9iSJIWwUTF9scdJ0_Q&_nc_ss=7f180&oh=00_Af-W9NZIQMzcFa6Vg5q8nr8W-v_Mlg7B4h09EWbHim8-KQ&oe=6A39246A,image,1,단일,2.8,2026-06-18,2026-06-18,"쇼핑몰 창업, 혼자 하려고 하셨나요?

카페24 동대문창업센터에 오시면
쇼핑몰 개설부터 디자인, 운영까지
카페24가 전부 만들어드립니다.

✅ 카페24 PRO로 시작하세요.
월~목, 매일 하루 4팀 한정!
네이버 예약 후 방문해주세요.

💡 창업의 첫걸음, 저희가 함께하겠습니다.

#카페24 #카페24PRO #동대문창업센터 #쇼핑몰창업 #쇼핑몰만들기",
Cafe24,30–60일,신규,활성,30,1423598459784632,https://www.facebook.com/ads/library/?id=1423598459784632,top,2026-05-19,https://scontent.fsgn18-1.fna.fbcdn.net/v/t39.35426-6/611609177_1512696467364278_832394281181694453_n.jpg?_nc_cat=101&ccb=1-7&_nc_sid=c53f8f&_nc_ohc=9NIKlZXwh4UQ7kNvwGvd2Ld&_nc_oc=AdqFsd2dtZ9JUGMreDMqrRNMVvnYquD6NeNLiQkwZNd19GAfZeieQde-XWJCt4VIesk&_nc_zt=14&_nc_ht=scontent.fsgn18-1.fna&_nc_gid=UcSM9iSJIWwUTF9scdJ0_Q&_nc_ss=7f180&oh=00_Af-_U_rMR9quPRyTIHF2-zOoBsJTCtquwEUD-ZtTaM662w&oe=6A393931,image,1,단일,2.8,2026-06-18,2026-06-18,"매일 선착순 4팀! 쇼핑몰 다 만들어드립니다!
🔑 황금열쇠 쥐어드립니다.

쇼핑몰 운영하고 싶은데, 뭐부터 해야 할지 모르시겠다면?
이제 카페24 전문가가 '직접' 도와드립니다.

카페24 동대문창업센터에서
1:1로 쇼핑몰 개설부터 운영까지 전부 알려드려요.

✅ 카페24 PRO, 저희가 다 만들어드립니다.
월~목 운영, 네이버 예약 후 방문해주세요.

#",
Cafe24,30–60일,신규,활성,30,2795976954078258,https://www.facebook.com/ads/library/?id=2795976954078258,top,2026-05-19,https://scontent.fsgn18-1.fna.fbcdn.net/v/t39.35426-6/606087458_1593927748273750_6067633496750443374_n.jpg?_nc_cat=109&ccb=1-7&_nc_sid=c53f8f&_nc_ohc=JPMDARWWrZ4Q7kNvwEGLZDI&_nc_oc=Ador0JR8befWP9od6MBhvMIm4hLAkcEaW9B-r4cFHXuj5Z4y87rrYaid0HBsToetwBU&_nc_zt=14&_nc_ht=scontent.fsgn18-1.fna&_nc_gid=UcSM9iSJIWwUTF9scdJ0_Q&_nc_ss=7f180&oh=00_Af9l_9AiUSac8ZlX9nC6eDAiMGafDSlKP2HdyvsHF97ePw&oe=6A39178E,image,1,단일,2.8,2026-06-18,2026-06-18,"매일 선착순 4팀! 쇼핑몰 다 만들어드립니다!

쇼핑몰 창업, 처음이라 뭐부터 해야 할지 모르시겠다면? 직접 알려드리겠습니다.

카페24 동대문창업센터에서
1:1로 쇼핑몰 개설부터 운영방법까지
차근차근 도와드려요.

✅ 카페24 PRO, 저희가 다 만들어드립니다.
월~목 운영, 네이버 예약 후 방문해주세요.

💡 혼자 고민하지 마세요.
창업 과외, 카페24",
Cafe24,30–60일,신규,활성,30,854192680438195,https://www.facebook.com/ads/library/?id=854192680438195,top,2026-05-19,https://scontent.fsgn18-1.fna.fbcdn.net/v/t39.35426-6/607979586_1401121491644506_4672674475915585107_n.jpg?_nc_cat=105&ccb=1-7&_nc_sid=c53f8f&_nc_ohc=3ab-7MmpYqsQ7kNvwEFB6DE&_nc_oc=Adr-Al62Zx5kCC_VQ5i_90HNTJp-N5TYyzPfUHfLFKArBpZ1cwaLeExIkpjcQZHktwo&_nc_zt=14&_nc_ht=scontent.fsgn18-1.fna&_nc_gid=-SaXsaoVzB4EhZX1C2HcsQ&_nc_ss=7f180&oh=00_Af8j9uX5tGehxG2zBrVDEKDSsquKo-hSNZGOhmpRfhToMg&oe=6A392B53,image,1,단일,2.8,2026-06-18,2026-06-18,"매일 선착순 4팀! 쇼핑몰 다 만들어드립니다!

그동안 엄한 데서 강의 듣느라 고생하셨어요.
이제 카페24 전문가가 '직접' 도와드립니다.

카페24 동대문창업센터에서
1:1로 쇼핑몰 개설부터 운영까지
차근차근 알려드려요.

✅ 카페24 PRO, 저희가 다 만들어드립니다.
월~목 운영, 네이버 예약 후 방문해주세요.

💡 혼자 고민하지 마세요.
진짜 전문가",
Cafe24,14–30일,신규,활성,23,28114787821444888,https://www.facebook.com/ads/library/?id=28114787821444888,top,2026-05-26,https://scontent.fesb4-5.fna.fbcdn.net/v/t39.35426-6/708537560_26793294033703419_1048081920285122557_n.jpg?_nc_cat=108&ccb=1-7&_nc_sid=c53f8f&_nc_ohc=erFtY0YIoXQQ7kNvwEHZ2pw&_nc_oc=AdrKsgGEUIx7JPhBnOl2mLafMP7DF8v1K1OfhMU8RekZyEpjikh-QzBjDyX5wJRp7Ao&_nc_zt=14&_nc_ht=scontent.fesb4-5.fna&_nc_gid=jxGNlZRvURy7uIPOhjppiw&_nc_ss=7f289&oh=00_Af9R770tyUGKarGUR9jLDFGma5QVLwDprfwbzT5uwINXWQ&oe=6A39176F,image,10,기타,2.2,2026-06-18,2026-06-18, ,
Cafe24,14–30일,신규,활성,22,799069373285877,https://www.facebook.com/ads/library/?id=799069373285877,top,2026-05-27,https://scontent.fesb4-5.fna.fbcdn.net/v/t39.35426-6/708833156_987571867198378_4211729979561470731_n.jpg?_nc_cat=108&ccb=1-7&_nc_sid=c53f8f&_nc_ohc=pXbV14IUfroQ7kNvwF8XDAW&_nc_oc=AdqpItJQSg5N2NBxJ0VJDHpFjYSiL6O2oQpzHhQoGNpqm7iJIa0R8lHqvz0_gn3pJLk&_nc_zt=14&_nc_ht=scontent.fesb4-5.fna&_nc_gid=jxGNlZRvURy7uIPOhjppiw&_nc_ss=7f289&oh=00_Af-awyQCwaJXb8a301lRsQzZUPsFOo7qEGd6vyQZ588JwA&oe=6A391F01,image,10,기타,2.2,2026-06-18,2026-06-18, ,
Cafe24,14–30일,신규,활성,22,1720745022679412,https://www.facebook.com/ads/library/?id=1720745022679412,top,2026-05-27,https://scontent.fsgn18-1.fna.fbcdn.net/v/t39.35426-6/708582512_1630536941373564_4045781055687716032_n.jpg?_nc_cat=106&ccb=1-7&_nc_sid=c53f8f&_nc_ohc=JH6mTXPnhgoQ7kNvwFnjJmp&_nc_oc=Adpe0zM2QiIgNhedypq4THuViq1D2zjyPVKNrJ74QjrNKCb_Mi1je3T3-h-lNRWmXsI&_nc_zt=14&_nc_ht=scontent.fsgn18-1.fna&_nc_gid=-SaXsaoVzB4EhZX1C2HcsQ&_nc_ss=7f180&oh=00_Af9uRqc5gZ5zjJ4o6nzZ43vIsIbFYgEclgZPewYECOa8tQ&oe=6A392690,image,10,기타,2.2,2026-06-18,2026-06-18, ,
Cafe24,14–30일,신규,활성,23,1320190220067145,https://www.facebook.com/ads/library/?id=1320190220067145,top,2026-05-26,https://scontent.fesb4-5.fna.fbcdn.net/v/t39.35426-6/550433806_1775193056457433_9000381471263450372_n.jpg?_nc_cat=108&ccb=1-7&_nc_sid=c53f8f&_nc_ohc=nmmrsCf1pYoQ7kNvwFOqnH4&_nc_oc=Adp-mq-cYK1JgMNTZ0Q4ZMUZyPokl4GfW7fhlj-mlqRk9LUn5k5FHi-3_1BziJ4LFu4&_nc_zt=14&_nc_ht=scontent.fesb4-5.fna&_nc_gid=jxGNlZRvURy7uIPOhjppiw&_nc_ss=7f289&oh=00_Af8yxakle9Z1kOYfPmYNby7gmKL0B8WV0PWD4MM11z2fTQ&oe=6A393CA3,image,3,DCO,2.1,2026-06-18,2026-06-18,"쇼핑몰 이사 조건? 그런거 없어요.
무료 환승에 1천만원 혜택까지 준비했는걸요!
쇼핑몰 앱 제작부터 주문을 부르는 리뷰, 고객 관리 서비스까지!
매출에 도움되는 것만 담았습니다.",
Cafe24,14–30일,신규,활성,23,1471278650885394,https://www.facebook.com/ads/library/?id=1471278650885394,top,2026-05-26,https://scontent.fesb9-1.fna.fbcdn.net/v/t39.35426-6/545512097_1333447918396912_954603787597279362_n.jpg?_nc_cat=101&ccb=1-7&_nc_sid=c53f8f&_nc_ohc=peSUPdCAuVQQ7kNvwGpoeO-&_nc_oc=AdqtUYDypNxccLbBoDxds_TwREO9kVDGuy89iJ5DyfOidNXfAua0mhrk3f3u84Y_AC8&_nc_zt=14&_nc_ht=scontent.fesb9-1.fna&_nc_gid=jxGNlZRvURy7uIPOhjppiw&_nc_ss=7f289&oh=00_Af9_NfZnRdpz7SUGLqvhPz6-P5dVRBdxrCkDzoCcwK2nFg&oe=6A392CD0,image,7,기타,2.1,2026-06-18,2026-06-18, ,
Cafe24,14–30일,신규,활성,18,2427329554412655,https://www.facebook.com/ads/library/?id=2427329554412655,top,2026-05-31,https://scontent.fesb4-5.fna.fbcdn.net/v/t39.35426-6/615280451_892599436472585_9033574637551606278_n.jpg?_nc_cat=108&ccb=1-7&_nc_sid=c53f8f&_nc_ohc=dcdYUdG8iGEQ7kNvwGPvZQC&_nc_oc=Ado8PGsSt9JZQgXnZl4KMwnwb4ev7YkApShNay2hosUguPEl_-S2gPdjfyHIM7mizkc&_nc_zt=14&_nc_ht=scontent.fesb4-5.fna&_nc_gid=jxGNlZRvURy7uIPOhjppiw&_nc_ss=7f289&oh=00_Af-WVH3x-mRbjGMG78sBTe1w1HcuCnE5wbtirDfQZTjnHw&oe=6A393397,image,4,DCO,2.1,2026-06-18,2026-06-18,"매일배송 도입 후 달라진 내 쇼핑몰!
금요일 저녁에도 주문이 쏟아져요.

✅ 주7일 배송, 주말·공휴일도 OK
✅ 자정 주문까지 당일 출고 시스템
✅ 배송지연·오배송 CS 감소
✅ 상품 하나부터, 소규모몰도 OK

복잡한 준비 없이 지금 바로 시작하세요",
Cafe24,14–30일,신규,활성,18,1473237860692803,https://www.facebook.com/ads/library/?id=1473237860692803,top,2026-05-31,https://scontent.fesb4-2.fna.fbcdn.net/v/t39.35426-6/696356857_1217496623661546_5325707733092401104_n.jpg?_nc_cat=111&ccb=1-7&_nc_sid=c53f8f&_nc_ohc=u5SpmiqNnkAQ7kNvwHpuOv9&_nc_oc=AdoVD2PsVzVWvlIrKmVZ-A0OVJCBuxZMJ3AKOgd4w4GhgZXl521Z7QwOp4FtVyJsEUc&_nc_zt=14&_nc_ht=scontent.fesb4-2.fna&_nc_gid=jxGNlZRvURy7uIPOhjppiw&_nc_ss=7f289&oh=00_Af8rZz60RgTpAO363zQPLDGLz8tm6TjKv8u6Mz3x9vhZYQ&oe=6A392C5C,image,3,DCO,2.1,2026-06-18,2026-06-18,"깔끔하게, 감각 있게, 내가 원하는 대로. AI가 5분 만에 만들어드려요 ✨
지금 바로 무료로 체험해보세요!",
Cafe24,14–30일,신규,활성,18,2405014163339399,https://www.facebook.com/ads/library/?id=2405014163339399,top,2026-05-31,https://scontent.fesb4-5.fna.fbcdn.net/v/t39.35426-6/615148230_851099451073651_6059324213826087113_n.jpg?_nc_cat=108&ccb=1-7&_nc_sid=c53f8f&_nc_ohc=AwNSQGK2RhoQ7kNvwHfXYZi&_nc_oc=AdpmGJrAeW8W_6eq2P9RWd1L2QRkMwdFmdoiqluZhBGmrhCKn60HUgKOU3lOcBoLZKI&_nc_zt=14&_nc_ht=scontent.fesb4-5.fna&_nc_gid=jxGNlZRvURy7uIPOhjppiw&_nc_ss=7f289&oh=00_Af_6j1ma415p57-AZCuhdgjx49_qsYrbqLPVN_XuLoS_6Q&oe=6A393A93,image,3,DCO,2.1,2026-06-18,2026-06-18,"매일배송 도입 후 달라진 내 쇼핑몰!
금요일 저녁에도 주문이 쏟아져요.

✅ 주7일 배송, 주말·공휴일도 OK
✅ 자정 주문까지 당일 출고 시스템
✅ 배송지연·오배송 CS 감소
✅ 상품 하나부터, 소규모몰도 OK

복잡한 준비 없이 지금 바로 시작하세요",
Cafe24,14–30일,신규,활성,23,921397620948930,https://www.facebook.com/ads/library/?id=921397620948930,top,2026-05-26,https://scontent.fesb4-1.fna.fbcdn.net/v/t39.35426-6/550841915_824261696794000_2593096484443597499_n.jpg?_nc_cat=105&ccb=1-7&_nc_sid=c53f8f&_nc_ohc=6xsDQHLBCFgQ7kNvwFbmK-a&_nc_oc=AdqgGhISPNKwxKZD2jvLVPd9gryLaxj0o9fGmyDFp6W_Zqu_CrdAB3Vuy3dudiUM56s&_nc_zt=14&_nc_ht=scontent.fesb4-1.fna&_nc_gid=jxGNlZRvURy7uIPOhjppiw&_nc_ss=7f289&oh=00_Af_ub1U718xXxF3hrvdbNmnDmbiNMKQdbcTEQJzYWR-lBw&oe=6A391600,image,3,DCO,2.1,2026-06-18,2026-06-18,"사장님, 쇼핑몰 이사 앞두고 밤잠 설치세요?🥱
데이터는 날아갈까..
비용은 터질까봐..
시간은 또 얼마나 걸릴까..
손실 0, 비용 0, 스트레스 0! 🙆🙆‍♂️
카페24가 걱정거리 한 번에 날려드립니다.
회원·상품·주문 데이터 싹 다~ 안전하게 품어드릴게요.",
Cafe24,14–30일,신규,활성,18,851481444189326,https://www.facebook.com/ads/library/?id=851481444189326,top,2026-05-31,https://scontent.fesb4-2.fna.fbcdn.net/v/t39.35426-6/696356857_1217496623661546_5325707733092401104_n.jpg?_nc_cat=111&ccb=1-7&_nc_sid=c53f8f&_nc_ohc=u5SpmiqNnkAQ7kNvwHpuOv9&_nc_oc=AdoVD2PsVzVWvlIrKmVZ-A0OVJCBuxZMJ3AKOgd4w4GhgZXl521Z7QwOp4FtVyJsEUc&_nc_zt=14&_nc_ht=scontent.fesb4-2.fna&_nc_gid=jxGNlZRvURy7uIPOhjppiw&_nc_ss=7f289&oh=00_Af8rZz60RgTpAO363zQPLDGLz8tm6TjKv8u6Mz3x9vhZYQ&oe=6A392C5C,image,3,DCO,2.1,2026-06-18,2026-06-18,"깔끔하게, 감각 있게, 내가 원하는 대로. AI가 5분 만에 만들어드려요 ✨
지금 바로 무료로 체험해보세요!",
Cafe24,14–30일,신규,활성,18,1484772556758280,https://www.facebook.com/ads/library/?id=1484772556758280,top,2026-05-31,https://scontent.fesb4-2.fna.fbcdn.net/v/t39.35426-6/694631663_1706996330715628_1108193623765843947_n.jpg?_nc_cat=109&ccb=1-7&_nc_sid=c53f8f&_nc_ohc=YVlmHCXzHW0Q7kNvwHdlFOx&_nc_oc=AdpZNac7skuIVGI_PUpmikb8NAxEQ7YA026iJnYQ84kJriBp0CUn2pguMx7orJ_mDiQ&_nc_zt=14&_nc_ht=scontent.fesb4-2.fna&_nc_gid=jxGNlZRvURy7uIPOhjppiw&_nc_ss=7f289&oh=00_Af9O_psx0OSXAJZIG3LipVmUVXfjafqsOEFlG1f3SNnfJw&oe=6A39380E,image,3,DCO,2.1,2026-06-18,2026-06-18,"깔끔하게, 감각 있게, 내가 원하는 대로. AI가 5분 만에 만들어드려요 ✨
지금 바로 무료로 체험해보세요!",
Cafe24,14–30일,신규,활성,17,1511816700744796,https://www.facebook.com/ads/library/?id=1511816700744796,top,2026-06-01,https://scontent.fesb4-2.fna.fbcdn.net/v/t39.35426-6/711965704_2026608567969712_7320437649365681293_n.jpg?_nc_cat=111&ccb=1-7&_nc_sid=c53f8f&_nc_ohc=FkkcyW9fd1kQ7kNvwHANhck&_nc_oc=AdoOH00mjXDaF4wN4CJ8THPg_jSLYOCHQUig5WGnQQgjf2ECo20nVws_GRQYCxwQew8&_nc_zt=14&_nc_ht=scontent.fesb4-2.fna&_nc_gid=jxGNlZRvURy7uIPOhjppiw&_nc_ss=7f289&oh=00_Af-zrNEn_o3iqPhXWwt_16ETPD6aslRLKOQtosPIBS_m1w&oe=6A392A07,image,3,DCO,2.1,2026-06-18,2026-06-18,"알림톡 비용부터 오픈마켓 관리비까지, 쇼핑몰 운영에 들어가는 유지비 완전히 OUT!
잘 몰라도 프로처럼 운영할 수 있도록 복잡한 비용은 카페24 PRO가 전부 부담할게요.
지금 3개월 무료 혜택으로 시작하세요🙌

#마켓관리대행 #카페24PRO #마켓관리 #마켓대행 #카페24",
Cafe24,14–30일,신규,활성,18,1003359042388670,https://www.facebook.com/ads/library/?id=1003359042388670,top,2026-05-31,https://scontent.fesb3-2.fna.fbcdn.net/v/t39.35426-6/579189306_1252906496857888_8279295855993560955_n.jpg?_nc_cat=104&ccb=1-7&_nc_sid=c53f8f&_nc_ohc=QRWbi-VMciMQ7kNvwFyTx-_&_nc_oc=Adpwh8B3NVrJzb2z9QpmHs6AKKxEXid97sjgw1GrS8oIAw2p-2u2AUXTjjnkfmAbt3w&_nc_zt=14&_nc_ht=scontent.fesb3-2.fna&_nc_gid=jxGNlZRvURy7uIPOhjppiw&_nc_ss=7f289&oh=00_Af-JOLZVTyBv5PZkn1LzyeaNudTLe7knGWKV1aZon1-guw&oe=6A392CFC,image,3,DCO,2.1,2026-06-18,2026-06-18,"⚡1분만에 완성되는 유튜브쇼핑 제휴 프로그램✨
🔍검색에서 태깅까지 60초🏷️
복잡한 과정은 NO!
🌐글로벌 판매, 1분이면 시작할 수 있어요🌟
카페24 YouTube Shopping 제휴 프로그램
https://www.cafe24.com/youtubeshopping/affiliate-about.html",
Cafe24,14–30일,신규,활성,18,1316872497287533,https://www.facebook.com/ads/library/?id=1316872497287533,top,2026-05-31,https://scontent.fesb4-1.fna.fbcdn.net/v/t39.35426-6/457660710_1686068972236477_375083543299169510_n.jpg?_nc_cat=105&ccb=1-7&_nc_sid=c53f8f&_nc_ohc=0Asf6nJLcJkQ7kNvwEY5KZl&_nc_oc=Adq0vvRd9IfppfXjivPeFJnjyqhRXSk_FQx-lzaYkunh0txOirsqYFBv00iyZfWe4zo&_nc_zt=14&_nc_ht=scontent.fesb4-1.fna&_nc_gid=jxGNlZRvURy7uIPOhjppiw&_nc_ss=7f289&oh=00_Af8O-c_lty63hCZcHZORRwZ0gjTGeEIeW0O87vtYZihbeA&oe=6A3943F4,image,3,DCO,2.1,2026-06-18,2026-06-18,"이.제.는 카페24로
플랫폼 의존도를 낮추고, 
내 브랜드를 확장해보시는건 어떠세요? 😎

플랫폼 의존 없이, 내 브랜드를 키울 수 있는 자사몰
카페24에서 시작하세요!

다양한 기능과 안정적인 지원으로
브랜드 성장을 도와드려요💹

브랜드를 만들다, 카페24
https://www.cafe24.com/",
Cafe24,14–30일,신규,활성,18,1522332343020115,https://www.facebook.com/ads/library/?id=1522332343020115,top,2026-05-31,https://scontent.fsgn18-1.fna.fbcdn.net/v/t39.35426-6/556841668_737000342699068_5526834425710324310_n.jpg?_nc_cat=100&ccb=1-7&_nc_sid=c53f8f&_nc_ohc=mM6OAQiEpGQQ7kNvwE6K4dI&_nc_oc=AdrCwCUyUuQ5rxpYLFnhtuHdm3cywBtA9_TrTW7yP6ZvFT-4uhBH4X3QulWTZC-STbo&_nc_zt=14&_nc_ht=scontent.fsgn18-1.fna&_nc_gid=UcSM9iSJIWwUTF9scdJ0_Q&_nc_ss=7f180&oh=00_Af8RHwZJufvJfZxVhGTDeqLB0dnmlavRk9vQhxB3SDdJxA&oe=6A393A20,video,3,DCO,2.1,2026-06-18,2026-06-18,"왜 부동의 1위 쇼핑몰 플랫폼인지 알겠지?
쇼핑몰 월 이용료 0원, 앱 제작비 0원, 마켓연동 0원!
운영 핵심 기능, 부담없이 '무료'
무료인데 안 할 이유 없잖아?🤔",
Cafe24,14–30일,신규,활성,22,1261997315731964,https://www.facebook.com/ads/library/?id=1261997315731964,top,2026-05-27,https://scontent.fsgn18-1.fna.fbcdn.net/v/t39.35426-6/707339572_1407847557839307_9078479168319160232_n.jpg?_nc_cat=100&ccb=1-7&_nc_sid=c53f8f&_nc_ohc=pEdJf6DndTwQ7kNvwH2Qyy9&_nc_oc=AdpBa_SVh4dLwl9MZE40FD_UaWjHisHFw_0vNQqQ5sigypW7Uqf01GB5_24STeh29jE&_nc_zt=14&_nc_ht=scontent.fsgn18-1.fna&_nc_gid=UcSM9iSJIWwUTF9scdJ0_Q&_nc_ss=7f180&oh=00_Af8sPw8rCBK5Smr5G0VynaaOmXsrQouoitNzFSMe7opnFQ&oe=6A39367B,image,3,DCO,2.1,2026-06-18,2026-06-18,"개발 지식, 하나도 없어도 괜찮아요 🙌
코딩 대신 판매에만 더 집중할 수 있도록, 잘 팔리는 환경은 저희가 다 준비할게요.

복잡한 기술 고민은 이제 카페24 PRO에 맡기시고,
지금 0원으로 든든한 내 브랜드를 시작해보세요 🏃‍♀️",
Cafe24,14–30일,신규,활성,22,2003866307670298,https://www.facebook.com/ads/library/?id=2003866307670298,top,2026-05-27,https://scontent.fsgn18-1.fna.fbcdn.net/v/t39.35426-6/706357389_862958889547121_3619103835363144612_n.jpg?_nc_cat=107&ccb=1-7&_nc_sid=c53f8f&_nc_ohc=l7o8_o_0sQwQ7kNvwFsUTGR&_nc_oc=AdpBWRkwXixCdZrgFz4u7vPPZGRF4RfPTVgY-Xdw1ocJ9D2e51n_YMDTVws7rmZa-qY&_nc_zt=14&_nc_ht=scontent.fsgn18-1.fna&_nc_gid=UcSM9iSJIWwUTF9scdJ0_Q&_nc_ss=7f180&oh=00_Af9o2uR55bvSWGKUW_IiIi_3b59L-Y3gx5tnXQFR7x7jRw&oe=6A394470,image,3,DCO,2.1,2026-06-18,2026-06-18,"쇼핑몰 운영, 복잡한 건 빼고 설렘만 남겼어요✨
어려운 기술이나 세팅은 카페24 PRO가 미리 준비해뒀거든요.

사장님은 좋은 상품을 고르는 일에만 집중하세요
막막했던 창업이 생각보다 가볍게 느껴질 거예요. 🌿

지금 0원으로 내 브랜드의 첫 문을 열어보세요",
Cafe24,14–30일,신규,활성,23,965489636383115,https://www.facebook.com/ads/library/?id=965489636383115,top,2026-05-26,https://scontent.fsgn18-1.fna.fbcdn.net/v/t39.35426-6/707114291_1678156736760515_2104260699080915135_n.jpg?_nc_cat=108&ccb=1-7&_nc_sid=c53f8f&_nc_ohc=qfPC2ESOvqcQ7kNvwHVeyz4&_nc_oc=AdqHNiF93dUerQeBb-IvTjVM6aQsqGHsBEi2OspaqauglVUUaaHkjj22Jn7DUGsRfdg&_nc_zt=14&_nc_ht=scontent.fsgn18-1.fna&_nc_gid=UcSM9iSJIWwUTF9scdJ0_Q&_nc_ss=7f180&oh=00_Af_-ri-QQxqLfps-dhAZHJXYjsHID1Xq9OTwUa8nuE14JQ&oe=6A393CEE,image,3,DCO,2.1,2026-06-18,2026-06-18,"매달 고정으로 나가는 마켓 관리 대행비, 부담스럽지 않으셨나요?
비싼 정액제 대신 매출의 딱 1%만 내고 관리해 보세요.

큰 비용 들이지 않고도 여러 마켓을 영리하게 운영할 수 있어요.

#마켓관리대행 #카페24PRO #마켓관리 #마켓대행 #카페24",
Cafe24,14–30일,신규,활성,23,1349901600386388,https://www.facebook.com/ads/library/?id=1349901600386388,top,2026-05-26,https://scontent.fsgn18-1.fna.fbcdn.net/v/t39.35426-6/676270827_956871180077445_328209391881366572_n.jpg?_nc_cat=108&ccb=1-7&_nc_sid=c53f8f&_nc_ohc=kJ2gleeAvIQQ7kNvwExZUbN&_nc_oc=Adrv2n9MLxItkE_q-vaZ6-HQEi7FysmPZDq7xt5bSiKlXWBUsjcm-2ynKV_g-G4uZAk&_nc_zt=14&_nc_ht=scontent.fsgn18-1.fna&_nc_gid=UcSM9iSJIWwUTF9scdJ0_Q&_nc_ss=7f180&oh=00_Af8O1qqluIbu3VloroKSstNv4awKVmOT9LYR5oqalDp2Fw&oe=6A393BD6,image,3,DCO,2.1,2026-06-18,2026-06-18,"이미 수많은 사장님이 카페24로 이사한 후,
월 매출 1천만 원의 벽을 깨고 1억 원을 달성 중입니다! 🚀
운영은 편하게, 확장은 무한하게! 이제 사장님의 매출 그래프를 바꿔보세요. 📈",
Cafe24,14–30일,신규,활성,23,27012013601781293,https://www.facebook.com/ads/library/?id=27012013601781293,top,2026-05-26,https://scontent.fsgn18-1.fna.fbcdn.net/v/t39.35426-6/550135270_812609405041462_8494386467400904172_n.jpg?_nc_cat=102&ccb=1-7&_nc_sid=c53f8f&_nc_ohc=71mK21ghrFsQ7kNvwEbhf0J&_nc_oc=AdpEpoj65lkAcuMV3yW7eOH6cGrKXQX0OfjW-L0F0ACYOJpvF0u7i3tFXYnyY7OxFMg&_nc_zt=14&_nc_ht=scontent.fsgn18-1.fna&_nc_gid=UcSM9iSJIWwUTF9scdJ0_Q&_nc_ss=7f180&oh=00_Af9cCUzVYqH_dSF141mSVKDT2piU85Q1BSk_j3z-UUaN1A&oe=6A394521,image,3,DCO,2.1,2026-06-18,2026-06-18,"쇼핑몰 이사 조건? 그런거 없어요.
무료 환승에 1천만원 혜택까지 준비했는걸요!
쇼핑몰 앱 제작부터 주문을 부르는 리뷰, 고객 관리 서비스까지!
매출에 도움되는 것만 담았습니다.",
Cafe24,14–30일,신규,활성,23,1316879597301468,https://www.facebook.com/ads/library/?id=1316879597301468,top,2026-05-26,https://scontent.fsgn18-1.fna.fbcdn.net/v/t39.35426-6/705855399_1979025446067942_2642749383605695622_n.jpg?_nc_cat=108&ccb=1-7&_nc_sid=c53f8f&_nc_ohc=PpcUnTYo4XAQ7kNvwFgp4kf&_nc_oc=AdoO8c_GqMysz7cA3B41PMOy0o5Bv5x5lqAtg_UgavKmVhKIWYCHn328LQPxJcFmaPA&_nc_zt=14&_nc_ht=scontent.fsgn18-1.fna&_nc_gid=UcSM9iSJIWwUTF9scdJ0_Q&_nc_ss=7f180&oh=00_Af8W9IcabReQGcIwHOH9d7VaMsFQw4-SrQzhu0JylKNZQQ&oe=6A39341F,image,3,DCO,2.1,2026-06-18,2026-06-18,"같은 옷인데 상품명 하나로 검색 노출이 3배로 늘어나요
고객이 검색창에 실제로 치는 키워드🔍는 따로 있으니까요!

노출 점수 25점을 90점까지 올리는 정밀한 상품 정보 매칭.
카페24 PRO가 무료로 알아서 바꿉니다. 

매출 73%의 차이를 직접 확인해 보세요.

#마켓관리대행 #카페24PRO #마켓관리 #마켓대행 #카페24",
Cafe24,14–30일,신규,활성,23,1026950283001954,https://www.facebook.com/ads/library/?id=1026950283001954,top,2026-05-26,https://scontent.fsgn18-1.fna.fbcdn.net/v/t39.35426-6/545259606_1205890627969890_1451107665733551147_n.jpg?_nc_cat=107&ccb=1-7&_nc_sid=c53f8f&_nc_ohc=HAb70-hDXxwQ7kNvwFJ-89w&_nc_oc=Adqnb6923-9ecBSOGTITm6AGPZr09lYYJhyoiycfJk3yrG6XOk_aRaIksUtmnpr3c2g&_nc_zt=14&_nc_ht=scontent.fsgn18-1.fna&_nc_gid=UcSM9iSJIWwUTF9scdJ0_Q&_nc_ss=7f180&oh=00_Af-7onr8dr5JP695ZKporKFlPob7s5PlIMQy_DKXNVHbeg&oe=6A3943BC,image,7,기타,2.1,2026-06-18,2026-06-18, ,
Cafe24,14–30일,신규,활성,18,978162301484542,https://www.facebook.com/ads/library/?id=978162301484542,top,2026-05-31,https://scontent.fsgn18-1.fna.fbcdn.net/v/t39.35426-6/699073011_2070003907278100_5444025544827818022_n.jpg?_nc_cat=107&ccb=1-7&_nc_sid=c53f8f&_nc_ohc=OhNeT94xcIQQ7kNvwEA3y5k&_nc_oc=AdoVbJ0VtQVl8k_iYTeqZnH8LofzWgr3CYO31IpN4oBOdo5ar3VFL57_woTW7dW9FEA&_nc_zt=14&_nc_ht=scontent.fsgn18-1.fna&_nc_gid=UcSM9iSJIWwUTF9scdJ0_Q&_nc_ss=7f180&oh=00_Af8iUvLoDRsxP-Gq9D2HSut9RD85aqk3sizTOg8CMhztfw&oe=6A392623,image,3,DCO,2.1,2026-06-18,2026-06-18,"깔끔하게, 감각 있게, 내가 원하는 대로. AI가 5분 만에 만들어드려요 ✨
지금 바로 무료로 체험해보세요!",
Cafe24,14–30일,신규,활성,18,2807022279658391,https://www.facebook.com/ads/library/?id=2807022279658391,top,2026-05-31,https://scontent.fsgn18-1.fna.fbcdn.net/v/t39.35426-6/699073011_2070003907278100_5444025544827818022_n.jpg?_nc_cat=107&ccb=1-7&_nc_sid=c53f8f&_nc_ohc=OhNeT94xcIQQ7kNvwEA3y5k&_nc_oc=AdoVbJ0VtQVl8k_iYTeqZnH8LofzWgr3CYO31IpN4oBOdo5ar3VFL57_woTW7dW9FEA&_nc_zt=14&_nc_ht=scontent.fsgn18-1.fna&_nc_gid=UcSM9iSJIWwUTF9scdJ0_Q&_nc_ss=7f180&oh=00_Af8iUvLoDRsxP-Gq9D2HSut9RD85aqk3sizTOg8CMhztfw&oe=6A392623,image,3,DCO,2.1,2026-06-18,2026-06-18,"깔끔하게, 감각 있게, 내가 원하는 대로. AI가 5분 만에 만들어드려요 ✨
지금 바로 무료로 체험해보세요!",
Cafe24,14–30일,신규,활성,18,3161797300687989,https://www.facebook.com/ads/library/?id=3161797300687989,top,2026-05-31,https://scontent.fsgn18-1.fna.fbcdn.net/v/t39.35426-6/699073011_2070003907278100_5444025544827818022_n.jpg?_nc_cat=107&ccb=1-7&_nc_sid=c53f8f&_nc_ohc=OhNeT94xcIQQ7kNvwEA3y5k&_nc_oc=AdoVbJ0VtQVl8k_iYTeqZnH8LofzWgr3CYO31IpN4oBOdo5ar3VFL57_woTW7dW9FEA&_nc_zt=14&_nc_ht=scontent.fsgn18-1.fna&_nc_gid=UcSM9iSJIWwUTF9scdJ0_Q&_nc_ss=7f180&oh=00_Af8iUvLoDRsxP-Gq9D2HSut9RD85aqk3sizTOg8CMhztfw&oe=6A392623,image,3,DCO,2.1,2026-06-18,2026-06-18,"깔끔하게, 감각 있게, 내가 원하는 대로. AI가 5분 만에 만들어드려요 ✨
지금 바로 무료로 체험해보세요!",
Cafe24,14–30일,신규,활성,17,1014964764381821,https://www.facebook.com/ads/library/?id=1014964764381821,top,2026-06-01,https://scontent.fsgn18-1.fna.fbcdn.net/v/t39.35426-6/710756270_2204088530366388_4144277947860904471_n.jpg?_nc_cat=100&ccb=1-7&_nc_sid=c53f8f&_nc_ohc=Ja8VQ1oya7wQ7kNvwEvbwaU&_nc_oc=AdpLLibM9aDz99kJi8XyiNpFAb54kbnFO6oSU0Rz17sVmkm9ip8NxWijXjp-LJE0dI0&_nc_zt=14&_nc_ht=scontent.fsgn18-1.fna&_nc_gid=UcSM9iSJIWwUTF9scdJ0_Q&_nc_ss=7f180&oh=00_Af9PISUVWPqQFQkWVKfQXkljhTua840-I-el3gJbVXd_JQ&oe=6A392E42,image,3,DCO,2.1,2026-06-18,2026-06-18,"지금 광고를 돌리면 매출이 터질 타이밍인데, 
예산 충전하느라 혹은 결제 승인을 기다리느라 캠페인 기회를 놓치고 있진 않나요?

선결제 0원으로 즉시 구글, 메타, 네이버 광고를 시작해 보세요!

#카페24후불광고 #후불광고 #온라인광고 #디지털광고 #광고대행 #광고대행사 #카페24",
Cafe24,14–30일,신규,활성,17,1661691585090252,https://www.facebook.com/ads/library/?id=1661691585090252,top,2026-06-01,https://scontent.fsgn18-1.fna.fbcdn.net/v/t39.35426-6/694631663_1706996330715628_1108193623765843947_n.jpg?_nc_cat=109&ccb=1-7&_nc_sid=c53f8f&_nc_ohc=YVlmHCXzHW0Q7kNvwEjBJAK&_nc_oc=AdqL_9hALGmwFdeh0aDr8mJvQxKn-vcSviEKDviQjIuESQ7GIIhQ3XeFN6JFwMq2pc4&_nc_zt=14&_nc_ht=scontent.fsgn18-1.fna&_nc_gid=UcSM9iSJIWwUTF9scdJ0_Q&_nc_ss=7f180&oh=00_Af_el2FxLRoFpcyEbmsammf5zf_x2gw0WHIhGw-GoXCWFA&oe=6A39380E,image,3,DCO,2.1,2026-06-18,2026-06-18,"깔끔하게, 감각 있게, 내가 원하는 대로. AI가 5분 만에 만들어드려요 ✨
지금 바로 무료로 체험해보세요!",
Cafe24,14–30일,신규,활성,23,2456374654884496,https://www.facebook.com/ads/library/?id=2456374654884496,top,2026-05-26,https://scontent.fsgn18-1.fna.fbcdn.net/v/t39.35426-6/550392569_800480849225376_7624926860631138967_n.jpg?_nc_cat=103&ccb=1-7&_nc_sid=c53f8f&_nc_ohc=6G71mDazcrgQ7kNvwFznNC3&_nc_oc=AdqKrz7rdnXDD6JlgN7r0Xw0e9rVi1F9BoOHoJOR77ATZF7WW6ACEXV91sISwTtSVek&_nc_zt=14&_nc_ht=scontent.fsgn18-1.fna&_nc_gid=UcSM9iSJIWwUTF9scdJ0_Q&_nc_ss=7f180&oh=00_Af-y7F2sut2xxRvgVGViZZUL5sYY9B8qV8UyD8oNuSoxAg&oe=6A392CF4,image,3,DCO,2.1,2026-06-18,2026-06-18,"""장영란의 영라뉴가 카페24를 선택한 이유?""
개발자 없어도 괜찮아요.
필요한 쇼핑몰 기능은 앱으로 뚝딱, 운영은 가볍게!
매출 올리는 400여개 앱 덕분에 유연하게 확장할 수 있어요.
영라뉴처럼 성장하고 싶다면, 카페24로 오세요.",
Cafe24,14–30일,신규,활성,18,1063522156126092,https://www.facebook.com/ads/library/?id=1063522156126092,top,2026-05-31,https://scontent.fsgn18-1.fna.fbcdn.net/v/t39.35426-6/556509735_731357433271541_8439390101846226216_n.jpg?_nc_cat=100&ccb=1-7&_nc_sid=c53f8f&_nc_ohc=8enK8N33XOsQ7kNvwF2h1X1&_nc_oc=AdostLWhA2sIoeUNixpwE5HvGWR1EIJag_e0eaDQukQwuaDStrRWjIJ-GWIUkqdrOIc&_nc_zt=14&_nc_ht=scontent.fsgn18-1.fna&_nc_gid=UcSM9iSJIWwUTF9scdJ0_Q&_nc_ss=7f180&oh=00_Af95vD8RcBlbuwinM5HLiSxQv_QSO7RTuGhiIAxp0Sqpzg&oe=6A39137E,video,3,DCO,2.1,2026-06-18,2026-06-18,"'무료라며...😭
쇼핑몰이 커질수록 비용이 늘어나세요?
카페24는 이용료부터 상품등록, 모바일앱, 
마켓연동까지 0원!

한 끗 다른 ⭐진짜 무료⭐쇼핑몰 플랫폼, 카페24",
Cafe24,14–30일,신규,활성,21,1689908498827703,https://www.facebook.com/ads/library/?id=1689908498827703,top,2026-05-28,https://scontent.fsgn18-1.fna.fbcdn.net/v/t39.35426-6/707490287_1525170885905893_4386348730756899362_n.jpg?_nc_cat=102&ccb=1-7&_nc_sid=c53f8f&_nc_ohc=C1p0f59ttM8Q7kNvwEjSoGd&_nc_oc=AdolxSv4DpDD5JUo9v7W6ascydcSdg9KTWxrzSxXguuHPwL21LNjO5D3aq0PtMVEOVY&_nc_zt=14&_nc_ht=scontent.fsgn18-1.fna&_nc_gid=-SaXsaoVzB4EhZX1C2HcsQ&_nc_ss=7f180&oh=00_Af-AqpzazRWx3LsxhnyWgy5GJONLdzvw6koK2U0Q76XUGQ&oe=6A392D8D,image,3,DCO,2.1,2026-06-18,2026-06-18,"자사몰, 만들고 싶지만 막막해서 미뤄두셨나요? ✨
운영부터 디자인, CS까지 혼자 하기 버거운 일들은 저희가 챙길게요.

사장님은 그저 좋은 상품을 보여주는 것에만 집중하세요.
3개월 동안 이용료 부담도 없어요 💸

가벼운 마음으로 나만의 브랜드를 시작해보세요!",
Cafe24,14–30일,신규,활성,17,1502414314711181,https://www.facebook.com/ads/library/?id=1502414314711181,top,2026-06-01,https://scontent.fsgn18-1.fna.fbcdn.net/v/t39.35426-6/712208169_1962032231865885_178589389530465365_n.jpg?_nc_cat=108&ccb=1-7&_nc_sid=c53f8f&_nc_ohc=cyqiLkWJCYIQ7kNvwEOBW_J&_nc_oc=AdpYQrLq__umaC9_fkKhDYzUvSTTQ3aOGcUxXEt5AG6RxhQZyBSNzFYQcNOMMDDOelg&_nc_zt=14&_nc_ht=scontent.fsgn18-1.fna&_nc_gid=-SaXsaoVzB4EhZX1C2HcsQ&_nc_ss=7f180&oh=00_Af-92m9gSiPO2ax7RjMYLbhQiFOI6N3MDWRC5ar5YF4BjQ&oe=6A392FA9,image,3,DCO,2.1,2026-06-18,2026-06-18,"""올해 내 쇼핑몰 금전운은 어떨까?"" 🕯️

타로 카드를 뒤집기 전, 가장 확실한 정답을 알려드릴게요.
광고비는 매출이 난 뒤에 천천히, 볼륨은 5배 더 크게! 

운세보다 확실한 카페24 후불광고로 사장님의 성공 운명을 직접 만드세요.",
Cafe24,14–30일,신규,활성,18,900177193082441,https://www.facebook.com/ads/library/?id=900177193082441,top,2026-05-31,https://scontent.fsgn18-1.fna.fbcdn.net/v/t39.35426-6/581074905_1349153126651217_4797204227780042595_n.jpg?_nc_cat=110&ccb=1-7&_nc_sid=c53f8f&_nc_ohc=gei5MQRVX6kQ7kNvwGNGxy_&_nc_oc=Adqk5unn2uEjbVF6gJXq7AkL1WftgMQZZd8PUCiubSZVVLJbv7mvg2J_1t1CZPanK-c&_nc_zt=14&_nc_ht=scontent.fsgn18-1.fna&_nc_gid=-SaXsaoVzB4EhZX1C2HcsQ&_nc_ss=7f180&oh=00_Af87Nl5dONL_dzsyuy1NK96poTfvfi6dq1EWRPOLph6Oiw&oe=6A394387,image,3,DCO,2.1,2026-06-18,2026-06-18,"국내 유일! 유튜브 시청부터 결제까지 단 1분 컷⚡
이제 고객이 앱 밖으로 나갈 틈도 없습니다.
카페24 체크아웃으로 충동구매를 매출로!
유튜브 안에서 완성하세요.",
Cafe24,14–30일,신규,활성,21,1324226866472036,https://www.facebook.com/ads/library/?id=1324226866472036,top,2026-05-28,https://scontent.fsgn18-1.fna.fbcdn.net/v/t39.35426-6/708155531_2070932283488393_5573188606115815964_n.jpg?_nc_cat=104&ccb=1-7&_nc_sid=c53f8f&_nc_ohc=yIpKt9ke6TgQ7kNvwFfhEEf&_nc_oc=Adq-ZsL-dJrj3NjTkjcogHLnl27-dDiAua0jUX-akL_rEPEbyIT1LFtJ_6sVGA2zCuQ&_nc_zt=14&_nc_ht=scontent.fsgn18-1.fna&_nc_gid=-SaXsaoVzB4EhZX1C2HcsQ&_nc_ss=7f180&oh=00_Af8m8f0T6KRO3vqWJzMqnNdAAj66FlB0vJJeGsUv03KblA&oe=6A391FE3,image,3,DCO,2.1,2026-06-18,2026-06-18,"""혼자 할 수 있을까?"" 💬
자사몰을 망설이게 했던 그 걱정들, 이제 저희가 가져갈게요

기술적인 장벽은 낮추고, 사장님의 아이디어만 담을 수 있게 준비했어요.
어려운 용어 대신 직관적인 도구들로 채웠거든요. 🛠️

시작이 반이라는 말, 카페24와 함께라면 실감이 나실 거예요.",
Cafe24,14–30일,신규,활성,21,985702250530066,https://www.facebook.com/ads/library/?id=985702250530066,top,2026-05-28,https://scontent.fsgn18-1.fna.fbcdn.net/v/t39.35426-6/692735754_2100735033837025_8778192787651042002_n.jpg?_nc_cat=103&ccb=1-7&_nc_sid=c53f8f&_nc_ohc=Hrr9JNFSbLIQ7kNvwHDgugj&_nc_oc=Adrbg-zHiEnG3rq03kICRNuqDPsVa3K5D_By3HVp_427Ij6rGxorBDUWPYHSHH8CV7E&_nc_zt=14&_nc_ht=scontent.fsgn18-1.fna&_nc_gid=-SaXsaoVzB4EhZX1C2HcsQ&_nc_ss=7f180&oh=00_Af_bRpt7g3LSAuokRjdTW9wKJQURU46qYkyvJlxlCCK49w&oe=6A393B0B,image,3,DCO,2.1,2026-06-18,2026-06-18,"비용 부담 0원, 너무 쉬운 쇼핑몰 창업의 시작🚀
성공한 사장님들은 이미 PRO로 달리고 있어요

창업부터 운영까지, 복잡한 과정은 덜고 효율만 채워요

#카페24PRO #쇼핑몰운영대행 #쇼핑몰운영 #카페24 #쇼핑몰창업",
Cafe24,14–30일,신규,활성,23,3515076778653157,https://www.facebook.com/ads/library/?id=3515076778653157,top,2026-05-26,https://scontent.fsgn18-1.fna.fbcdn.net/v/t39.35426-6/548887156_1847272272890881_6727998204055023435_n.jpg?_nc_cat=110&ccb=1-7&_nc_sid=c53f8f&_nc_ohc=au98FAZ1EF0Q7kNvwE7GYn9&_nc_oc=AdrAHgSJ7ocxN1J3CD0tjUEcyxhEGBrSyvX2wtmNQ8yjg-w2WTM_LtTmhx9AdCgSTJ0&_nc_zt=14&_nc_ht=scontent.fsgn18-1.fna&_nc_gid=-SaXsaoVzB4EhZX1C2HcsQ&_nc_ss=7f180&oh=00_Af9ImtEwXliG19jiFLg2sn7gID_IKLnMZE--aPUL74ZfRw&oe=6A393630,image,3,DCO,2.1,2026-06-18,2026-06-18,"사장님, 쇼핑몰 이사 앞두고 밤잠 설치세요?🥱
데이터는 날아갈까..
비용은 터질까봐..
시간은 또 얼마나 걸릴까..
손실 0, 비용 0, 스트레스 0! 🙆🙆‍♂️
카페24가 걱정거리 한 번에 날려드립니다.
회원·상품·주문 데이터 싹 다~ 안전하게 품어드릴게요.",
Cafe24,14–30일,신규,활성,18,2171683260071202,https://www.facebook.com/ads/library/?id=2171683260071202,top,2026-05-31,https://scontent.fsgn18-1.fna.fbcdn.net/v/t39.35426-6/696356857_1217496623661546_5325707733092401104_n.jpg?_nc_cat=111&ccb=1-7&_nc_sid=c53f8f&_nc_ohc=u5SpmiqNnkAQ7kNvwGyAL_G&_nc_oc=AdrxjcZ8NA1ZQiIkINui-M6Le_exZPi-kpvHKjRZofemfLQB8ySoTFXJzAmzXqKOK7M&_nc_zt=14&_nc_ht=scontent.fsgn18-1.fna&_nc_gid=-SaXsaoVzB4EhZX1C2HcsQ&_nc_ss=7f180&oh=00_Af85TyFC_a-K-oSyjYrrl-JrEh9GS9LAHCXJfhq7WEV3Fw&oe=6A392C5C,image,3,DCO,2.1,2026-06-18,2026-06-18,"깔끔하게, 감각 있게, 내가 원하는 대로. AI가 5분 만에 만들어드려요 ✨
지금 바로 무료로 체험해보세요!",
Cafe24,14–30일,신규,활성,18,925942820465417,https://www.facebook.com/ads/library/?id=925942820465417,top,2026-05-31,https://scontent.fsgn18-1.fna.fbcdn.net/v/t39.35426-6/579821584_692146020208192_8816451187262223713_n.jpg?_nc_cat=107&ccb=1-7&_nc_sid=c53f8f&_nc_ohc=rriHe2Z3iecQ7kNvwHh5bMf&_nc_oc=AdqHAR1uwVvnpGPuWThDgqOWmMlOKdT_Urb3bTiv7OORTc1st85M0IE1DcygFUudlfw&_nc_zt=14&_nc_ht=scontent.fsgn18-1.fna&_nc_gid=-SaXsaoVzB4EhZX1C2HcsQ&_nc_ss=7f180&oh=00_Af87MUajz8wPEmeHLtMVHOtghsa9xE648bOhZ3JCQ4kcig&oe=6A391123,image,3,DCO,2.1,2026-06-18,2026-06-18,"이제 기존 쇼핑몰을 그대로 유튜브에 연결할 수 있어요!
별도 스토어 생성 없이, 매출은 늘리고 데이터는 모두 내 것으로.
내 브랜드 감성 그대로, 손쉽게 판매 채널을 확장하세요.",
Cafe24,14–30일,신규,활성,16,2186184872214452,https://www.facebook.com/ads/library/?id=2186184872214452,top,2026-06-02,https://scontent.fsgn18-1.fna.fbcdn.net/v/t39.35426-6/694631663_1706996330715628_1108193623765843947_n.jpg?_nc_cat=109&ccb=1-7&_nc_sid=c53f8f&_nc_ohc=YVlmHCXzHW0Q7kNvwEjBJAK&_nc_oc=AdqL_9hALGmwFdeh0aDr8mJvQxKn-vcSviEKDviQjIuESQ7GIIhQ3XeFN6JFwMq2pc4&_nc_zt=14&_nc_ht=scontent.fsgn18-1.fna&_nc_gid=-SaXsaoVzB4EhZX1C2HcsQ&_nc_ss=7f180&oh=00_Af94ns_D2eIUCWwsvlN8CyPAdckCXnAKi-N3E1CBrexlDA&oe=6A39380E,image,3,DCO,2.1,2026-06-18,2026-06-18,"깔끔하게, 감각 있게, 내가 원하는 대로. AI가 5분 만에 만들어드려요 ✨
지금 바로 무료로 체험해보세요!",
Cafe24,14–30일,신규,활성,18,1761814275193824,https://www.facebook.com/ads/library/?id=1761814275193824,top,2026-05-31,https://scontent.fsgn18-1.fna.fbcdn.net/v/t39.35426-6/579648885_4209724132600395_5382697415138911471_n.jpg?_nc_cat=101&ccb=1-7&_nc_sid=c53f8f&_nc_ohc=r2Q6eyTGNekQ7kNvwFnoR0k&_nc_oc=AdqG5H_JDxajOtqt1Zt2k7HqzEr3F2CCmTB6JMT_n8it_cpurDA-3zi65SbIXg5uIaA&_nc_zt=14&_nc_ht=scontent.fsgn18-1.fna&_nc_gid=-SaXsaoVzB4EhZX1C2HcsQ&_nc_ss=7f180&oh=00_Af_FUsY3VRpz6grcTrQ-JC923tpUxwniI3mr6iypMm4cnQ&oe=6A3931D4,image,3,DCO,2.1,2026-06-18,2026-06-18,"⚡1분만에 완성되는 유튜브쇼핑 제휴 프로그램✨
🔍검색에서 태깅까지 60초🏷️
복잡한 과정은 NO!
🌐글로벌 판매, 1분이면 시작할 수 있어요🌟
카페24 YouTube Shopping 제휴 프로그램
https://www.cafe24.com/youtubeshopping/affiliate-about.html",
Cafe24,14–30일,신규,활성,18,1775024650504070,https://www.facebook.com/ads/library/?id=1775024650504070,top,2026-05-31,https://scontent.fsgn18-1.fna.fbcdn.net/v/t39.35426-6/457440176_548763554517506_17058531605836966_n.jpg?_nc_cat=107&ccb=1-7&_nc_sid=c53f8f&_nc_ohc=g05_cfFDOHgQ7kNvwFiw-cI&_nc_oc=AdrsOTvFP6qWN_W5-MnOIB779MTpBW6XyqFJNo-6AnNLwHCh7iuxG2tZNqYEQHc-2VA&_nc_zt=14&_nc_ht=scontent.fsgn18-1.fna&_nc_gid=-SaXsaoVzB4EhZX1C2HcsQ&_nc_ss=7f180&oh=00_Af-RBIBb0BUq67VW-FyCzXl7uQ4LGCme4HfbL2vnk4FWsQ&oe=6A3932C9,image,3,DCO,2.1,2026-06-18,2026-06-18,"이.제.는 카페24로
플랫폼 의존도를 낮추고, 
내 브랜드를 확장해보시는건 어떠세요? 😎

플랫폼 의존 없이, 내 브랜드를 키울 수 있는 자사몰
카페24에서 시작하세요!

다양한 기능과 안정적인 지원으로
브랜드 성장을 도와드려요💹

브랜드를 만들다, 카페24
https://www.cafe24.com/",
Cafe24,14–30일,신규,활성,14,1569174757926555,https://www.facebook.com/ads/library/?id=1569174757926555,top,2026-06-04,https://scontent.fsgn18-1.fna.fbcdn.net/v/t39.35426-6/714871623_980163148094831_4252034704919681613_n.jpg?_nc_cat=101&ccb=1-7&_nc_sid=c53f8f&_nc_ohc=3arzwXv06I0Q7kNvwHwqAz-&_nc_oc=Adot4Jnf38IcPgUgdGyAYyppRF5etfZfnG139zNqHmR2w17PeiAGyZkh32byortf94o&_nc_zt=14&_nc_ht=scontent.fsgn18-1.fna&_nc_gid=-SaXsaoVzB4EhZX1C2HcsQ&_nc_ss=7f180&oh=00_Af-8oOetvtnbzqmnSfwP6vVtbxEpkDathYcUtKcYU6qqmw&oe=6A3946A8,video,3,DCO,2.1,2026-06-18,2026-06-18,"광고 돌려야 하는 건 아는데… 뭘 어디서부터 해야 할지 1도 모르겠는 사장님 손 🙋
소재 만들고, 광고 돌리고, 결과 정리까지? 그거 그냥 카페24가 다 해줄게요. 진짜 손 안 대도 돼요

#PRO마케팅 #카페24PRO #마케팅대행 #광고대행",
Cafe24,14–30일,신규,활성,18,2148821939023876,https://www.facebook.com/ads/library/?id=2148821939023876,top,2026-05-31,https://scontent.fsgn18-1.fna.fbcdn.net/v/t39.35426-6/556509735_731357433271541_8439390101846226216_n.jpg?_nc_cat=100&ccb=1-7&_nc_sid=c53f8f&_nc_ohc=8enK8N33XOsQ7kNvwF2h1X1&_nc_oc=AdostLWhA2sIoeUNixpwE5HvGWR1EIJag_e0eaDQukQwuaDStrRWjIJ-GWIUkqdrOIc&_nc_zt=14&_nc_ht=scontent.fsgn18-1.fna&_nc_gid=-SaXsaoVzB4EhZX1C2HcsQ&_nc_ss=7f180&oh=00_Af_iOrsXTMC2uDhPX_pqO066VEy7WspY8XQF3ki24jNGQg&oe=6A39137E,video,3,DCO,2.1,2026-06-18,2026-06-18,"'무료라며...😭
쇼핑몰이 커질수록 비용이 늘어나세요?
카페24는 이용료부터 상품등록, 모바일앱, 
마켓연동까지 0원!

한 끗 다른 ⭐진짜 무료⭐쇼핑몰 플랫폼, 카페24",
Cafe24,14–30일,신규,활성,18,1007919411736971,https://www.facebook.com/ads/library/?id=1007919411736971,top,2026-05-31,https://scontent.fsgn18-1.fna.fbcdn.net/v/t39.35426-6/556841668_737000342699068_5526834425710324310_n.jpg?_nc_cat=100&ccb=1-7&_nc_sid=c53f8f&_nc_ohc=mM6OAQiEpGQQ7kNvwE6K4dI&_nc_oc=AdrCwCUyUuQ5rxpYLFnhtuHdm3cywBtA9_TrTW7yP6ZvFT-4uhBH4X3QulWTZC-STbo&_nc_zt=14&_nc_ht=scontent.fsgn18-1.fna&_nc_gid=37j2CslneiHS3aIXub-3Jg&_nc_ss=7f180&oh=00_Af-HW2L0jNtQdI93dQhMzbYLt0BvPDtRhUk-qADRr64IdQ&oe=6A393A20,video,3,DCO,2.1,2026-06-18,2026-06-18,"왜 부동의 1위 쇼핑몰 플랫폼인지 알겠지?
쇼핑몰 월 이용료 0원, 앱 제작비 0원, 마켓연동 0원!
운영 핵심 기능, 부담없이 '무료'
무료인데 안 할 이유 없잖아?🤔",
Cafe24,14–30일,신규,활성,17,1280115457438808,https://www.facebook.com/ads/library/?id=1280115457438808,top,2026-06-01,https://scontent.fsgn18-1.fna.fbcdn.net/v/t39.35426-6/581074905_1349153126651217_4797204227780042595_n.jpg?_nc_cat=110&ccb=1-7&_nc_sid=c53f8f&_nc_ohc=gei5MQRVX6kQ7kNvwGNGxy_&_nc_oc=Adqk5unn2uEjbVF6gJXq7AkL1WftgMQZZd8PUCiubSZVVLJbv7mvg2J_1t1CZPanK-c&_nc_zt=14&_nc_ht=scontent.fsgn18-1.fna&_nc_gid=37j2CslneiHS3aIXub-3Jg&_nc_ss=7f180&oh=00_Af9ZhCQPDB1s48PqS_lxhQF32cUHMGTsti64_WH9D4mGig&oe=6A394387,image,3,DCO,2.1,2026-06-18,2026-06-18,"국내 유일! 유튜브 시청부터 결제까지 단 1분 컷⚡
이제 고객이 앱 밖으로 나갈 틈도 없습니다.
카페24 체크아웃으로 충동구매를 매출로!
유튜브 안에서 완성하세요.",
Cafe24,14–30일,신규,활성,22,833328899460310,https://www.facebook.com/ads/library/?id=833328899460310,top,2026-05-27,https://scontent.fsgn18-1.fna.fbcdn.net/v/t39.35426-6/676270827_956871180077445_328209391881366572_n.jpg?_nc_cat=108&ccb=1-7&_nc_sid=c53f8f&_nc_ohc=kJ2gleeAvIQQ7kNvwExZUbN&_nc_oc=Adrv2n9MLxItkE_q-vaZ6-HQEi7FysmPZDq7xt5bSiKlXWBUsjcm-2ynKV_g-G4uZAk&_nc_zt=14&_nc_ht=scontent.fsgn18-1.fna&_nc_gid=37j2CslneiHS3aIXub-3Jg&_nc_ss=7f180&oh=00_Af9Y_dmFPuTqyJwVPvEdhli--p6wueBZiGqrJjfiEEx79Q&oe=6A393BD6,image,3,DCO,2.1,2026-06-18,2026-06-18,"이미 수많은 사장님이 카페24로 이사한 후,
월 매출 1천만 원의 벽을 깨고 1억 원을 달성 중입니다! 🚀
운영은 편하게, 확장은 무한하게! 이제 사장님의 매출 그래프를 바꿔보세요. 📈",
Cafe24,14–30일,신규,활성,17,1507982417638641,https://www.facebook.com/ads/library/?id=1507982417638641,top,2026-06-01,https://scontent.fsgn18-1.fna.fbcdn.net/v/t39.35426-6/580803107_1793903607996177_3755872346991202753_n.jpg?_nc_cat=107&ccb=1-7&_nc_sid=c53f8f&_nc_ohc=CuD-KUcZO4cQ7kNvwEmapgf&_nc_oc=AdrlsQmjvRyE7hrFlYHAT2oNWeUZnZJIdpWA7fcxmVcdpK-o0485-ZkNvDSPsqS81U0&_nc_zt=14&_nc_ht=scontent.fsgn18-1.fna&_nc_gid=37j2CslneiHS3aIXub-3Jg&_nc_ss=7f180&oh=00_Af9XQpqT6ckv8A6e3UmiRgIuYqxWm-a0k0GPUap4al7dhQ&oe=6A392EE3,image,3,DCO,2.1,2026-06-18,2026-06-18,"높은 수수료에 지쳤다면, 이제 유튜브 쇼핑은 카페24로!
중개 수수료 ZERO, 복잡한 정산도 ZERO.
이제 엄한 데 돈 쓰지 마세요.
비용 부담 없이, 입증된 크리에이터와 제휴하세요!",
Cafe24,14–30일,신규,활성,14,1288931980061033,https://www.facebook.com/ads/library/?id=1288931980061033,top,2026-06-04,https://scontent.fsgn18-1.fna.fbcdn.net/v/t39.35426-6/579821584_692146020208192_8816451187262223713_n.jpg?_nc_cat=107&ccb=1-7&_nc_sid=c53f8f&_nc_ohc=rriHe2Z3iecQ7kNvwHh5bMf&_nc_oc=AdqHAR1uwVvnpGPuWThDgqOWmMlOKdT_Urb3bTiv7OORTc1st85M0IE1DcygFUudlfw&_nc_zt=14&_nc_ht=scontent.fsgn18-1.fna&_nc_gid=37j2CslneiHS3aIXub-3Jg&_nc_ss=7f180&oh=00_Af9V219uQPTpHVaHvoI5Csn03qptrzxO9krhargVVayiOQ&oe=6A391123,image,3,DCO,2.1,2026-06-18,2026-06-18,"이제 기존 쇼핑몰을 그대로 유튜브에 연결할 수 있어요!
별도 스토어 생성 없이, 매출은 늘리고 데이터는 모두 내 것으로.
내 브랜드 감성 그대로, 손쉽게 판매 채널을 확장하세요.",
Cafe24,14–30일,신규,활성,16,999110179534876,https://www.facebook.com/ads/library/?id=999110179534876,top,2026-06-02,https://scontent.fsgn18-1.fna.fbcdn.net/v/t39.35426-6/579821584_692146020208192_8816451187262223713_n.jpg?_nc_cat=107&ccb=1-7&_nc_sid=c53f8f&_nc_ohc=rriHe2Z3iecQ7kNvwHh5bMf&_nc_oc=AdqHAR1uwVvnpGPuWThDgqOWmMlOKdT_Urb3bTiv7OORTc1st85M0IE1DcygFUudlfw&_nc_zt=14&_nc_ht=scontent.fsgn18-1.fna&_nc_gid=37j2CslneiHS3aIXub-3Jg&_nc_ss=7f180&oh=00_Af9V219uQPTpHVaHvoI5Csn03qptrzxO9krhargVVayiOQ&oe=6A391123,image,3,DCO,2.1,2026-06-18,2026-06-18,"이제 기존 쇼핑몰을 그대로 유튜브에 연결할 수 있어요!
별도 스토어 생성 없이, 매출은 늘리고 데이터는 모두 내 것으로.
내 브랜드 감성 그대로, 손쉽게 판매 채널을 확장하세요.",
Cafe24,14–30일,신규,활성,22,3053845591477872,https://www.facebook.com/ads/library/?id=3053845591477872,top,2026-05-27,https://scontent.fsgn18-1.fna.fbcdn.net/v/t39.35426-6/548829608_1204265208406260_6139758086667007190_n.jpg?_nc_cat=108&ccb=1-7&_nc_sid=c53f8f&_nc_ohc=Xe-SZ79nXWUQ7kNvwHNqK2H&_nc_oc=Adr_QNFU_HzJD5mIV2mT4m0x3LdFpVTpcn0cw--qUrxnnFoLY7nuxudaBdnGpds4koE&_nc_zt=14&_nc_ht=scontent.fsgn18-1.fna&_nc_gid=37j2CslneiHS3aIXub-3Jg&_nc_ss=7f180&oh=00_Af_JMJZ3NOD6c-U-HhNYsY-yG1Z7_RKUdmuZEd9RljG8CA&oe=6A391B7C,image,3,DCO,2.1,2026-06-18,2026-06-18,"""장영란의 영라뉴가 카페24를 선택한 이유?""
개발자 없어도 괜찮아요.
필요한 쇼핑몰 기능은 앱으로 뚝딱, 운영은 가볍게!
매출 올리는 400여개 앱 덕분에 유연하게 확장할 수 있어요.
영라뉴처럼 성장하고 싶다면, 카페24로 오세요.",
Cafe24,14–30일,신규,활성,18,758661723936616,https://www.facebook.com/ads/library/?id=758661723936616,top,2026-05-31,https://scontent.fsgn18-1.fna.fbcdn.net/v/t39.35426-6/556841668_737000342699068_5526834425710324310_n.jpg?_nc_cat=100&ccb=1-7&_nc_sid=c53f8f&_nc_ohc=mM6OAQiEpGQQ7kNvwE6K4dI&_nc_oc=AdrCwCUyUuQ5rxpYLFnhtuHdm3cywBtA9_TrTW7yP6ZvFT-4uhBH4X3QulWTZC-STbo&_nc_zt=14&_nc_ht=scontent.fsgn18-1.fna&_nc_gid=-SaXsaoVzB4EhZX1C2HcsQ&_nc_ss=7f180&oh=00_Af-HaCko2H1ugoXP6J7Rk0ZiiBhgg0h8GnQNksBXS5Z3ig&oe=6A393A20,video,3,DCO,2.1,2026-06-18,2026-06-18,"왜 부동의 1위 쇼핑몰 플랫폼인지 알겠지?
쇼핑몰 월 이용료 0원, 앱 제작비 0원, 마켓연동 0원!
운영 핵심 기능, 부담없이 '무료'
무료인데 안 할 이유 없잖아?🤔",
Cafe24,14–30일,신규,활성,14,1351980120164081,https://www.facebook.com/ads/library/?id=1351980120164081,top,2026-06-04,https://scontent.fsgn18-1.fna.fbcdn.net/v/t39.35426-6/714610617_27382593168096315_8132793867926620124_n.jpg?_nc_cat=111&ccb=1-7&_nc_sid=c53f8f&_nc_ohc=N81kC2Fnl1YQ7kNvwFfPwHD&_nc_oc=Adok_ja6rwKBr7f8fzJ9PDFW5VzM4cUjiZv6qyVPM_-FDdJBn47KD0fp2muR0nHY3Zw&_nc_zt=14&_nc_ht=scontent.fsgn18-1.fna&_nc_gid=37j2CslneiHS3aIXub-3Jg&_nc_ss=7f180&oh=00_Af_I9-MCh8GU_Gb3eN30k0od_TA0_CSnhXgYFfbfoVj5ew&oe=6A3914CB,image,3,DCO,2.1,2026-06-18,2026-06-18,"내 쇼핑몰 광고, 전문가가 다 해주니까!
광고 소재 만들 시간도, 복잡한 운영 공부도 필요 없어요
배너 제작부터 매체 세팅, 성과 리포트까지 카페24가 통째로 다 해요 😉

#PRO마케팅 #카페24PRO마케팅 #카페24PRO #광고대행 #마케팅대행 #온라인광고 #쇼핑몰광고",
Cafe24,14–30일,신규,활성,16,1310586623876522,https://www.facebook.com/ads/library/?id=1310586623876522,top,2026-06-02,https://scontent.fsgn18-1.fna.fbcdn.net/v/t39.35426-6/579390798_1356001629208295_3014426472763993550_n.jpg?_nc_cat=102&ccb=1-7&_nc_sid=c53f8f&_nc_ohc=SceqA52xUfIQ7kNvwEjL5-O&_nc_oc=AdqrNdQeuaA3Ypg5ghbMMVSJU8LKndqw5J88vh6_vRfeBj5rUBVQuzvKf_LkbLkvBbk&_nc_zt=14&_nc_ht=scontent.fsgn18-1.fna&_nc_gid=37j2CslneiHS3aIXub-3Jg&_nc_ss=7f180&oh=00_Af9HdUq33-1lef2etjRUkQ7dO0WA3L393-NXEp6pb0g_0Q&oe=6A39374A,image,4,DCO,2.1,2026-06-18,2026-06-18,"⚡1분만에 완성되는 유튜브쇼핑 제휴 프로그램✨
🔍검색에서 태깅까지 60초🏷️
복잡한 과정은 NO!
🌐글로벌 판매, 1분이면 시작할 수 있어요🌟
카페24 YouTube Shopping 제휴 프로그램
https://www.cafe24.com/youtubeshopping/affiliate-about.html",
Cafe24,14–30일,신규,활성,14,1518125409901176,https://www.facebook.com/ads/library/?id=1518125409901176,top,2026-06-04,https://scontent.fsgn18-1.fna.fbcdn.net/v/t39.35426-6/715019193_2046451616225678_6727952294934440437_n.jpg?_nc_cat=103&ccb=1-7&_nc_sid=c53f8f&_nc_ohc=E6qRtKI6yggQ7kNvwHMKs23&_nc_oc=AdrJ56RVRnkNOD3wgkHvWc2NPSxK3lYDO-iMcw1pzwm06rf7X_eAWYi1YThwg5uA1Zc&_nc_zt=14&_nc_ht=scontent.fsgn18-1.fna&_nc_gid=37j2CslneiHS3aIXub-3Jg&_nc_ss=7f180&oh=00_Af8VtmydZFfWiCZ3-D7NWnAYtIFKQY0G2n4h0nNDexvukQ&oe=6A3924EB,image,3,DCO,2.1,2026-06-18,2026-06-18,"광고 소재 만들 시간도, 복잡한 운영 공부도 필요 없어요
배너 제작부터 매체 세팅, 성과 리포트까지 모두 다 해요
이 서비스, 궁금하지 않으세요? 😉

#PRO마케팅 #카페24PRO마케팅 #카페24PRO #광고대행 #마케팅대행 #온라인광고 #쇼핑몰광고",
Cafe24,14–30일,신규,활성,29,1470229440899542,https://www.facebook.com/ads/library/?id=1470229440899542,top,2026-05-20,https://scontent.fesb3-2.fna.fbcdn.net/v/t39.35426-6/704636742_1738653430637124_420008711121557241_n.jpg?_nc_cat=102&ccb=1-7&_nc_sid=c53f8f&_nc_ohc=w4zcM7eqb2QQ7kNvwGQ-Xq0&_nc_oc=Adowh3fT7H93jgcYFO5evbfUr0vKLA3ufyqCXNG0xRSjy9FYkkQ5uleyO1TX2afP22w&_nc_zt=14&_nc_ht=scontent.fesb3-2.fna&_nc_gid=jxGNlZRvURy7uIPOhjppiw&_nc_ss=7f289&oh=00_Af9QTEziie3LUNmgBYK5LjjhThKpyLOtf59vBe7UXc0cLg&oe=6A394254,image,1,단일,2.0,2026-06-18,2026-06-18,"쇼핑몰 오픈, 아직도 혼자 끙끙대시나요?
시간 절약, 매출 증가, 회원수 증대 비법 대공개!!

""진즉 올걸"" 소리가 절로 나오는 카페24 PRO 빠른 시작 가이드로 
쇼핑몰 필수 설정과 서비스 이해를 한 번에 끝내보세요!

#카페24 #카페24PRO #동대문창업센터 #쇼핑몰창업 #1대1상담",
Cafe24,14–30일,신규,활성,24,1567348508445284,https://www.facebook.com/ads/library/?id=1567348508445284,top,2026-05-25,https://scontent.fesb9-1.fna.fbcdn.net/v/t39.35426-6/702718142_932004699817278_9173923612423661509_n.jpg?_nc_cat=106&ccb=1-7&_nc_sid=c53f8f&_nc_ohc=0j8DU6Z5GFcQ7kNvwGm3G5M&_nc_oc=AdrIOdDBgfb6ZI5Pbh6-_2B47rMf4odNOu78ATkPRpqIPNyIAApof3A1Wtc30HQ1bAU&_nc_zt=14&_nc_ht=scontent.fesb9-1.fna&_nc_gid=jxGNlZRvURy7uIPOhjppiw&_nc_ss=7f289&oh=00_Af_GZIy8ydKwK1Gex2X3dgq17jIXR-zhFk1QGsz-oFTjrA&oe=6A391FE7,video,1,단일,2.0,2026-06-18,2026-06-18,"하.. 1인 브랜드 진짜진짜 힘들거든요? 🤦‍♂️
근데 카페24에서 나온 PRO라는 서비스 이게 진짜 킥입니다 여러분

시간도 없고, 사진은 또 언제 찍고~.. 컨텐츠 촬영에 편집에~ 제품 디자인에~
이거 싹 다 해결 가능! PRO쓰고 그냥 제품 제작만 하세요

#카페24PRO #카페24프로 #브랜드운영대행 #오드윤",
Cafe24,14–30일,신규,활성,24,1605220850543758,https://www.facebook.com/ads/library/?id=1605220850543758,top,2026-05-25,https://scontent.fesb4-5.fna.fbcdn.net/v/t39.35426-6/707004268_1941669729812771_5372276745502064542_n.jpg?_nc_cat=108&ccb=1-7&_nc_sid=c53f8f&_nc_ohc=1U7eIVgVr24Q7kNvwGYV5mR&_nc_oc=AdqhnVord4QYe5phHvAm4TrqV3BvRsq3yhYMtiQQNayQ5niVODf0FslIGbHBbmiDCuA&_nc_zt=14&_nc_ht=scontent.fesb4-5.fna&_nc_gid=jxGNlZRvURy7uIPOhjppiw&_nc_ss=7f289&oh=00_Af_mrA_jT2FYXnDwYFaJ7Mt_kaMY9rmxGnKHXI-85fKb1g&oe=6A392CED,video,1,단일,2.0,2026-06-18,2026-06-18,"결혼하고 순자산 3배 이상 늘어난 신혼부부들
공통점이 하나 있어요
바로 돈 모으기만 하는 게 아니라
‘더 벌 수 있는 구조’도 같이 만든다는 것!

저도 요즘 관심 있게 보는 부업이 있는데
바로 내 물건으로 쇼핑몰 만드는 일이에요
✅ 내 SNS 계정과 연동 가능
✅ 내가 만든 상품 또는 판매할 상품 연결 가능
✅ 자는 사이에도 매출이 생기는 구조
✅ 디자인",
Cafe24,14–30일,신규,활성,14,883008877382889,https://www.facebook.com/ads/library/?id=883008877382889,top,2026-06-04,https://scontent.fesb3-2.fna.fbcdn.net/v/t39.35426-6/715932410_3240762012779795_6674643276558913576_n.jpg?_nc_cat=104&ccb=1-7&_nc_sid=c53f8f&_nc_ohc=Si_mTF5C9K4Q7kNvwHDHg-F&_nc_oc=AdqYd0QwPPf7pUlkeWNNZkhw9gNjOjresFF9rz9_Dz7mNVZE1N834rq0PFV1B7My20o&_nc_zt=14&_nc_ht=scontent.fesb3-2.fna&_nc_gid=jxGNlZRvURy7uIPOhjppiw&_nc_ss=7f289&oh=00_Af9CSHAY9mxjvfEKp525cqZs-mRkTF5roPUwpvDqdvpMug&oe=6A391DD0,video,2,DCO,2.0,2026-06-18,2026-06-18,"광고, 잘 몰라도 괜찮아요 
소재 제작부터 매체 운영, 성과 리포트까지! 마케팅 전문가가 맡아서 다 해드려요
사장님은 쇼핑몰 운영에만 집중하세요.

#PRO마케팅 #카페24PRO #마케팅대행 #광고대행",
Cafe24,14–30일,신규,활성,14,921815524242797,https://www.facebook.com/ads/library/?id=921815524242797,top,2026-06-04,https://scontent.fesb4-2.fna.fbcdn.net/v/t39.35426-6/717169119_1497326421880513_8412158897086284215_n.jpg?_nc_cat=109&ccb=1-7&_nc_sid=c53f8f&_nc_ohc=b5_dPtb4ZOQQ7kNvwFSBp7q&_nc_oc=AdpUPj4YYsd7ksjrwJNLlwmYhEx0Bjx2RwyIFDxNsFZ13u6_aw58zbNGLefy93fhrBY&_nc_zt=14&_nc_ht=scontent.fesb4-2.fna&_nc_gid=jxGNlZRvURy7uIPOhjppiw&_nc_ss=7f289&oh=00_Af_J14sw_lpz7X77sDj9UitwiryQUtYW-HnLb_UceW-D1w&oe=6A393297,image,1,단일,2.0,2026-06-18,2026-06-18,"와 진짜로 다 해주네 ㄷㄷ
광고 소재 만들 시간도, 복잡한 운영 공부도 필요 없어요
배너 제작부터 매체 세팅, 성과 리포트까지 카페24가 통째로 다 해요 😉

#PRO마케팅 #카페24PRO마케팅 #카페24PRO #광고대행 #마케팅대행 #온라인광고 #쇼핑몰광고",
Cafe24,14–30일,신규,활성,29,1589471488820930,https://www.facebook.com/ads/library/?id=1589471488820930,top,2026-05-20,https://scontent.fsgn18-1.fna.fbcdn.net/v/t39.35426-6/704149747_1359906182866763_2801183077496414045_n.jpg?_nc_cat=102&ccb=1-7&_nc_sid=c53f8f&_nc_ohc=ShbDTvEocHAQ7kNvwED6zMy&_nc_oc=Adp3d3Lg51VEv2B6NqeobgBfctJmFJvKm5k0-rAvn-Rm5RaRYudyrumsgECHsz4mYVs&_nc_zt=14&_nc_ht=scontent.fsgn18-1.fna&_nc_gid=UcSM9iSJIWwUTF9scdJ0_Q&_nc_ss=7f180&oh=00_Af_wJ-rFzJjDbvCmBcjURxtMvu6_uXlDzaHVlNGt4OF5PA&oe=6A3924C4,image,1,단일,2.0,2026-06-18,2026-06-18,"쇼핑몰, 혼자 유튜브 보고 공부해도 잘 모르겠다면?
더 이상 혼자 헤매지 마세요! 

카페24 전문가가 1:1로 너무 친절하고 이해하기 쉽게 싹 다 알려드립니다.

잘 팔리는 쇼핑몰, 저희가 만들어드릴게요.

#카페24 #카페24PRO #동대문창업센터 #쇼핑몰창업 #1대1상담",
Cafe24,14–30일,신규,활성,14,1668495301084991,https://www.facebook.com/ads/library/?id=1668495301084991,top,2026-06-04,https://scontent.fsgn18-1.fna.fbcdn.net/v/t39.35426-6/715910530_1062805042742881_4642540557415477523_n.jpg?_nc_cat=104&ccb=1-7&_nc_sid=c53f8f&_nc_ohc=m5X0g2MDaSMQ7kNvwHR0b9j&_nc_oc=AdoesA1zklD_AW_S95lfpO7sX7lE4m61bNbs_Fs_uOtDOsSBzTxnNgv2sV61L-zk5vQ&_nc_zt=14&_nc_ht=scontent.fsgn18-1.fna&_nc_gid=UcSM9iSJIWwUTF9scdJ0_Q&_nc_ss=7f180&oh=00_Af-GFHm5eWMGlK61MfIVyHU-qAQdGy41W_0C7MVTYjRAgg&oe=6A3933A6,video,1,단일,2.0,2026-06-18,2026-06-18,"쇼핑몰 사장님들, 솔직히 광고 세팅하다가 하루 다 날리죠?

소재 제작에, 데이터 분석까지... 혼자 하려면 진짜 머리 터집니다. 근데 이걸 0원에 싹 다 대신 해주는 치트키가 있어요. 

바로 ""카페24 PRO마케팅""!

신청만 해두면 인스타에 내 광고 알아서 돌고, 매주 화요일 성과 리포트까지 딱 보내줘요. 
혼자 끙끙대며 시간 날리지 마시고 당장 신청",
Cafe24,14–30일,신규,활성,24,1001135442371000,https://www.facebook.com/ads/library/?id=1001135442371000,top,2026-05-25,https://scontent.fsgn18-1.fna.fbcdn.net/v/t39.35426-6/705968903_2019262555618452_4736564057009226663_n.jpg?_nc_cat=111&ccb=1-7&_nc_sid=c53f8f&_nc_ohc=6ZoZJOX6KxIQ7kNvwFp2w6Y&_nc_oc=Adr0wHOHfvXEzuEC0QfRi7icFxPpha0CQjJgnyYOyFwvdjbQi_NY1pZui3ZqaBU_b90&_nc_zt=14&_nc_ht=scontent.fsgn18-1.fna&_nc_gid=-SaXsaoVzB4EhZX1C2HcsQ&_nc_ss=7f180&oh=00_Af_OfYOZ0Hj8hJtqcMx0WN4rf9qvEpLdmjz-vYGsYYEQ6A&oe=6A394096,video,1,단일,2.0,2026-06-18,2026-06-18,"노트북 하나로 디지털 노마드?
막상 해보려면 할 게 너무 많잖아요🥲

뭐 부터 해야 할지 감도 안 오고
혼자 하려니 시작도 못 하는거 공감…

실제로 제 주변에 잘 버는 사람들은
모두 직접 일 하지 않고도
👉🏻자동으로 운영되는 구조부터 만들거든요

운영, 디자인, 마케팅, 전략 설계 까지
다 맡기는 시스템만 있다면
내 시간 갈아 넣지 않아도 돼요

온라인 ",
Cafe24,14–30일,신규,활성,14,971754622141329,https://www.facebook.com/ads/library/?id=971754622141329,top,2026-06-04,https://scontent.fsgn18-1.fna.fbcdn.net/v/t39.35426-6/717048380_910221961561646_8444378848027938218_n.jpg?_nc_cat=106&ccb=1-7&_nc_sid=c53f8f&_nc_ohc=VO4dcOPMpyoQ7kNvwEEfkrP&_nc_oc=AdplrkYNlF2k6PcNPI3FUxWE3GFd2AFDCWCnlvDFl76hpAYcRc9eYwmt4-crCOlDRKM&_nc_zt=14&_nc_ht=scontent.fsgn18-1.fna&_nc_gid=-SaXsaoVzB4EhZX1C2HcsQ&_nc_ss=7f180&oh=00_Af-EtsY0lpltbFYi2zv13IYOlCxfRjNDPvY5ii6lG7gaOw&oe=6A3943B6,video,2,DCO,2.0,2026-06-18,2026-06-18,"광고 돌려야 하는 건 아는데… 뭘 어디서부터 해야 할지 1도 모르겠는 사장님 손 🙋
소재 만들고, 광고 돌리고, 결과 정리까지? 그거 그냥 카페24가 다 해줄게요. 진짜 손 안 대도 돼요

#PRO마케팅 #카페24PRO #마케팅대행 #광고대행",
Cafe24,14–30일,신규,활성,18,895786140203343,https://www.facebook.com/ads/library/?id=895786140203343,top,2026-05-31,https://scontent.fsgn18-1.fna.fbcdn.net/v/t39.35426-6/556509735_731357433271541_8439390101846226216_n.jpg?_nc_cat=100&ccb=1-7&_nc_sid=c53f8f&_nc_ohc=8enK8N33XOsQ7kNvwF2h1X1&_nc_oc=AdostLWhA2sIoeUNixpwE5HvGWR1EIJag_e0eaDQukQwuaDStrRWjIJ-GWIUkqdrOIc&_nc_zt=14&_nc_ht=scontent.fsgn18-1.fna&_nc_gid=-SaXsaoVzB4EhZX1C2HcsQ&_nc_ss=7f180&oh=00_Af_iOrsXTMC2uDhPX_pqO066VEy7WspY8XQF3ki24jNGQg&oe=6A39137E,video,2,DCO,2.0,2026-06-18,2026-06-18,"'무료라며...😭
쇼핑몰이 커질수록 비용이 늘어나세요?
카페24는 이용료부터 상품등록, 모바일앱, 
마켓연동까지 0원!

한 끗 다른 ⭐진짜 무료⭐쇼핑몰 플랫폼, 카페24",
Cafe24,14–30일,신규,활성,23,1030042202685233,https://www.facebook.com/ads/library/?id=1030042202685233,top,2026-05-26,https://scontent.fsgn18-1.fna.fbcdn.net/v/t39.35426-6/688924935_2958696964521839_1177348762595635864_n.jpg?_nc_cat=104&ccb=1-7&_nc_sid=c53f8f&_nc_ohc=09GVcJjjZHwQ7kNvwFhDcU_&_nc_oc=AdoZ83BbtAO9zbZEmHqCaHvXS1cUzeDf1oh6tIJw4iRwzW_kzFcLYH0rViIP8-rjwnc&_nc_zt=14&_nc_ht=scontent.fsgn18-1.fna&_nc_gid=-SaXsaoVzB4EhZX1C2HcsQ&_nc_ss=7f180&oh=00_Af-Tx_t-2BaYwSQGWGSI_5ruIspb7CGvLvT1lOeP4yQBzw&oe=6A392C10,video,1,단일,2.0,2026-06-18,2026-06-18,"이렇게도 벌 수 있는거였어..? 👀 #광고 
신혼 때야말로 돈 모을 수 있는
재테크 황금기! 👀✨

제 주변 젊은 신혼 부부들, 지인들 보면
다들 뭔가 하나씩 하고 있는데
그걸로 월 N천씩 버는거 보면 진짜 신기함..😯

특히 온라인 판매 하시는 분들 진짜 많고
저 역시도 하고 있는데요.
재능이 없어도 괜찮고,
작게 시도해볼 수 있다는게 큰 장점! 👍

📌",
Cafe24,14–30일,신규,활성,29,1519474783067653,https://www.facebook.com/ads/library/?id=1519474783067653,top,2026-05-20,https://scontent.fsgn18-1.fna.fbcdn.net/v/t39.35426-6/704626791_1681145443725794_8282309543653183812_n.jpg?_nc_cat=105&ccb=1-7&_nc_sid=c53f8f&_nc_ohc=NLxr22xJT7IQ7kNvwE7-IGd&_nc_oc=AdpTVlBsZsLUb56BQQuulikhTx-Ig_BNM2vdBaImvRvfkdO-_Y3qhrET3_SWtuBxuqM&_nc_zt=14&_nc_ht=scontent.fsgn18-1.fna&_nc_gid=-SaXsaoVzB4EhZX1C2HcsQ&_nc_ss=7f180&oh=00_Af_WUCC7ps9n7EYYsmNDVZD9zA5DlMkS1VFEKu9GO6Lgfg&oe=6A390F6C,image,1,단일,2.0,2026-06-18,2026-06-18,"잘 팔리는 쇼핑몰, 어떻게 시작해야 할지 막막하신가요?

유튜브만 보고 끙끙 앓는 건 이제 그만! 🙅‍♀️
직접 방문해서 카페24 전문가의 1:1 상담을 받아보세요. 

이해 쏙쏙 되는 설명으로 나만의 쇼핑몰을 만들어드립니다.

#카페24 #카페24PRO #동대문창업센터 #쇼핑몰창업 #1대1상담",
Cafe24,14–30일,신규,활성,23,988732953734717,https://www.facebook.com/ads/library/?id=988732953734717,top,2026-05-26,https://scontent.fsgn18-1.fna.fbcdn.net/v/t39.35426-6/611660960_727860136686642_1708393513415159231_n.jpg?_nc_cat=103&ccb=1-7&_nc_sid=c53f8f&_nc_ohc=YQih485MlrkQ7kNvwHErxw_&_nc_oc=Adr2aq9X0L0dtFJUNpHwMP7G71XgC-dXW1RZTFki2LuJmeO2xYVzxMVgMmqmEC5qobU&_nc_zt=14&_nc_ht=scontent.fsgn18-1.fna&_nc_gid=-SaXsaoVzB4EhZX1C2HcsQ&_nc_ss=7f180&oh=00_Af-_7nIh0-h2--11WhZk3Ot7OJONUTd04yfLofHZ29xbEQ&oe=6A391281,video,1,단일,2.0,2026-06-18,2026-06-18,"디지털 노예에서 디지털 노마드로 인생 바뀌게 해준 것…👩🏻 💻  *제작지원
여행 콘텐츠 촬영, 편집, 브랜드 협업, 가이드북 만들기,,
몸이 10개라도 모자랐던 디지털 노예생활,,
이제 청산합니다.
모든 프리랜서 분들께 
진정한 디지털 노마드로 살 수 있는 꿀팁, 공유해드릴게요!

나만의 상품이 있으면,
여행하면서도 수익을 낼 수 있게 도와주는
💻카페 24",
Cafe24,14–30일,신규,활성,23,36198740679724311,https://www.facebook.com/ads/library/?id=36198740679724311,top,2026-05-26,https://scontent.fsgn18-1.fna.fbcdn.net/v/t39.35426-6/655906986_1608900237086804_332615813945690871_n.jpg?_nc_cat=100&ccb=1-7&_nc_sid=c53f8f&_nc_ohc=KDr6kYLF19oQ7kNvwHc8Vv7&_nc_oc=AdrcOaRxOXtiVhQN_z0R4xSapYp0SvUXQJrQrT_M444DJ51vhKRuKYn4vpMuQxd1G98&_nc_zt=14&_nc_ht=scontent.fsgn18-1.fna&_nc_gid=37j2CslneiHS3aIXub-3Jg&_nc_ss=7f180&oh=00_Af9JRXG8MT7xsYywof2Sws2UimgZ16GYHkHTH2DX0fjyFA&oe=6A39160F,video,1,단일,2.0,2026-06-18,2026-06-18,"요즘 2030은 이렇게 부수입 만듦!
N잡 정말 많이 해봤는데,
결국 온라인 판매를 해야
큰 돈을 버는 것 같아요!

그런데 가장 큰 문제는 아이템 선정..
아이템선정부터 어떻게 해야할지 
모르겠다면 이렇게 해보세요 👀

제가 직접 정리한 정리본 보내드릴게요

@cafe24korea 
#광고 #부업 #재테크 #카페24 #카페24pro",
Cafe24,14–30일,신규,활성,23,1852884275381556,https://www.facebook.com/ads/library/?id=1852884275381556,top,2026-05-26,https://scontent.fsgn18-1.fna.fbcdn.net/v/t39.35426-6/689440641_828554103173982_3541064812954608508_n.jpg?_nc_cat=111&ccb=1-7&_nc_sid=c53f8f&_nc_ohc=0TJvkEPrBHcQ7kNvwEpolga&_nc_oc=Ado9rWGZ_jIBVmgbkTRqea6Ds9t7U0hCbjtCvfeoG8aUO0fvaPtg2oCbpo-dc77rBkE&_nc_zt=14&_nc_ht=scontent.fsgn18-1.fna&_nc_gid=37j2CslneiHS3aIXub-3Jg&_nc_ss=7f180&oh=00_Af8jUSSKceW2HVOwC0W-s203ElfRX_ioWCwK81aFSQttvQ&oe=6A3919D7,video,1,단일,2.0,2026-06-18,2026-06-18,"(광고) 제가 디지털노마드가 될 수 있었던 이유를 알려드릴게요✨
 
사실 여행 크리에이터는
여행만 하는 사람이 아니라
촬영·편집·협업·운영까지
작은 비즈니스를 같이 운영하는 사람이거든요
 
여행 콘텐츠는 굿즈 제작 등
다양한 기회로 이어질 수도 있어서
파이프라인을 만드는건 나만의 몫..!
 
하지만 여행 중 시간 내기 진짜 어렵잖아요.
상품 관리, 고객 응",
Cafe24,14–30일,신규,활성,29,863472816804408,https://www.facebook.com/ads/library/?id=863472816804408,top,2026-05-20,https://scontent.fsgn18-1.fna.fbcdn.net/v/t39.35426-6/702240965_2247628809332937_5503316104226593515_n.jpg?_nc_cat=109&ccb=1-7&_nc_sid=c53f8f&_nc_ohc=ZmfjpGU_q6UQ7kNvwE6JhxQ&_nc_oc=Adov2WVvZCBtljVgH7I-M12wZi1l9PN3LPj0iRgSh4qMsYocNk9xdGfUjmhK7kxYYv0&_nc_zt=14&_nc_ht=scontent.fsgn18-1.fna&_nc_gid=-SaXsaoVzB4EhZX1C2HcsQ&_nc_ss=7f180&oh=00_Af-qIr6ZwVG1iw4j1t2w6SSMb1s3aWlHAZWUaM2MFbN9jw&oe=6A392B56,image,1,단일,2.0,2026-06-18,2026-06-18,"쇼핑몰, 혼자 유튜브 보고 공부해도 잘 모르겠다면?
더 이상 혼자 헤매지 마세요! 

카페24 전문가가 1:1로 너무 친절하고 이해하기 쉽게 싹 다 알려드립니다.

잘 팔리는 쇼핑몰, 저희가 만들어드릴게요.

#카페24 #카페24PRO #동대문창업센터 #쇼핑몰창업 #1대1상담",
Cafe24,14–30일,신규,활성,23,957201420409586,https://www.facebook.com/ads/library/?id=957201420409586,top,2026-05-26,https://scontent.fsgn18-1.fna.fbcdn.net/v/t39.35426-6/654962367_2681009435610369_7783868695104449374_n.jpg?_nc_cat=106&ccb=1-7&_nc_sid=c53f8f&_nc_ohc=XAhppnivHn4Q7kNvwGJbalF&_nc_oc=AdrgPTHjZmw04pJPleXCvbscgFSB1kZUQnl3iIENb_PC7FA7mZhJX1a2a1KckbCwsP0&_nc_zt=14&_nc_ht=scontent.fsgn18-1.fna&_nc_gid=37j2CslneiHS3aIXub-3Jg&_nc_ss=7f180&oh=00_Af9xzhfZ__YC7JYbcgq7uvp_2Y1TOh6fm9KqMhUrTyZrBQ&oe=6A3938EC,video,1,단일,2.0,2026-06-18,2026-06-18,"직장인 요즘 다 하는 꿀부업, 나 빼고 다하고 있음.. #제작지원

Ai가 요즘 많이 발전해서
쇼핑몰도 자동화가 많이 되었어요

요즘 2030 직장인들은
세팅도 맡기고, 광고도 맡겨서
팔~고싶은 상품이랑
브랜딩으로 내 사이트를 만들어서
자동화 수~익 내고 있는데!!

이 구조,
지금 3개월 무료로 시작 가능하니까(신청일 기준)
궁금하면 ‘카페24’ 달~아주",
Cafe24,14–30일,신규,활성,17,1652476342491527,https://www.facebook.com/ads/library/?id=1652476342491527,top,2026-06-01,https://scontent.fsgn18-1.fna.fbcdn.net/v/t39.35426-6/646350973_1480767153778678_2399607747419253858_n.jpg?_nc_cat=111&ccb=1-7&_nc_sid=c53f8f&_nc_ohc=CJsXjW34vwMQ7kNvwE5Ewxy&_nc_oc=Adr4q7iPf_wgMLw9Wwhjva27-Z_M6NuMLhyPaOG7UXSJkKAKXNjhFdni2X0eSkscuXs&_nc_zt=14&_nc_ht=scontent.fsgn18-1.fna&_nc_gid=37j2CslneiHS3aIXub-3Jg&_nc_ss=7f180&oh=00_Af_RLgV0SiLfnT671JvmFD_pQeYOKaPdpORc4-ZwbC4W_Q&oe=6A391DF9,video,2,DCO,2.0,2026-06-18,2026-06-18,"여러분 이거 없이 광고하지마세요 ❌❌

✅팔릴 물건 Pick
✅광고세팅 자동 
✅매체선택도 알아서
✅24시간 밀착관리 
✅광고비도 후불로!

카페24 PRO없이 
직접 광고하지 마세요! 
사장님은 매출만 보세요

#카페24PRO #카페24PRO마케팅",
Cafe24,14일 미만,신규,활성,10,986947437520766,https://www.facebook.com/ads/library/?id=986947437520766,top,2026-06-08,https://scontent.fesb3-2.fna.fbcdn.net/v/t39.35426-6/720138204_1651189119513484_3642078799295765323_n.jpg?_nc_cat=102&ccb=1-7&_nc_sid=c53f8f&_nc_ohc=-laCLVB2NvIQ7kNvwFykwqJ&_nc_oc=AdoGv3eqpMQLaqZ7skQZs1YEfjCXyN-SCTmcBXxKzZvhsN7f0NSTYY6rCpqrnmIy2RM&_nc_zt=14&_nc_ht=scontent.fesb3-2.fna&_nc_gid=jxGNlZRvURy7uIPOhjppiw&_nc_ss=7f289&oh=00_Af9Leftm_l27LlkoQ317P_DkKsIeRs1H_HrK5DDgSbTICg&oe=6A3919A7,image,3,DCO,1.5,2026-06-18,2026-06-18,"광고비 선결제 부담을 완벽하게 지웠어요
0원으로 먼저 마케팅하고, 매출 내고 나중에 정산하는 영리한 쇼핑몰 경영을 시작해 보세요!

#카페24후불광고 #후불광고 #온라인광고 #디지털광고 #광고대행 #광고대행사 #카페24",
Cafe24,14일 미만,신규,활성,10,1405974498004703,https://www.facebook.com/ads/library/?id=1405974498004703,top,2026-06-08,https://scontent.fesb4-2.fna.fbcdn.net/v/t39.35426-6/719613140_975218858657500_6628032397163505529_n.jpg?_nc_cat=109&ccb=1-7&_nc_sid=c53f8f&_nc_ohc=zSxLdntP2oIQ7kNvwHqv8b3&_nc_oc=Adqv95F5UegjoT7r83m1SgbQhm5Bk2_5ZHCygXD-fbkjQuy7manEeRi6CcqDExBXt7Q&_nc_zt=14&_nc_ht=scontent.fesb4-2.fna&_nc_gid=jxGNlZRvURy7uIPOhjppiw&_nc_ss=7f289&oh=00_Af-mzxqx_OL1KLgCFGDjzeg4FMBtC0phAAVs1RyS4EoVHw&oe=6A3920F0,image,3,DCO,1.5,2026-06-18,2026-06-18,"쇼핑몰이 어려웠던 시대는 끝났어요
디자인부터 마케팅까지 알아서 세팅되는 쇼핑몰!
망설일 이유 없는 프로의 시스템을 경험해 보세요

#마켓관리대행 #카페24PRO #마켓관리 #마켓대행 #카페24",
Cafe24,14일 미만,신규,활성,4,1343480054513954,https://www.facebook.com/ads/library/?id=1343480054513954,top,2026-06-14,https://scontent.fesb9-1.fna.fbcdn.net/v/t39.35426-6/724783013_2276726236192630_2834254562500760564_n.jpg?_nc_cat=106&ccb=1-7&_nc_sid=c53f8f&_nc_ohc=FwHqv7hni64Q7kNvwE4H5VH&_nc_oc=AdpefQLNk0h9RMznYWfg7LvrCJOvIozdPqVWfnBUcXiQPXzCNplsHxfqrvSR1fQJz-8&_nc_zt=14&_nc_ht=scontent.fesb9-1.fna&_nc_gid=jxGNlZRvURy7uIPOhjppiw&_nc_ss=7f289&oh=00_Af89BfjrhgVmi96yRsoiUMBfCyinX1rRad5XZXqy9ZmzXQ&oe=6A3921BD,image,3,DCO,1.5,2026-06-18,2026-06-18,"디자인, 마케팅, 복잡한 시스템 몰라도 자사몰 열고 키울 수 있어요
내 쇼핑몰을 프로처럼 알아서 굴려주는 전담 시스템을 도입해 보세요!

#마켓관리대행 #카페24PRO #마켓관리 #마켓대행 #카페24",
Cafe24,14일 미만,신규,활성,4,26461592150181965,https://www.facebook.com/ads/library/?id=26461592150181965,top,2026-06-14,https://scontent.fesb4-5.fna.fbcdn.net/v/t39.35426-6/720467653_1655878532335306_5087290262149719653_n.jpg?_nc_cat=108&ccb=1-7&_nc_sid=c53f8f&_nc_ohc=WNRfEAzkZeEQ7kNvwE2CX01&_nc_oc=AdpMekvjOreFZFC8LNaTEbr89UnsFmabw35lCNIM0SDh15UF3ijWDv7hBIziB_o0hRY&_nc_zt=14&_nc_ht=scontent.fesb4-5.fna&_nc_gid=jxGNlZRvURy7uIPOhjppiw&_nc_ss=7f289&oh=00_Af8Mso9Q_ndH8l13yvJYpg7SRqSJ9T5CqVWN4AJR0BjNzA&oe=6A391357,image,3,DCO,1.5,2026-06-18,2026-06-18,"ChatGPT·Claude에서 코딩부터 배포까지 한 방에. 
AI에게 ""배포해줘"" 한 마디면 끝!",
Cafe24,14일 미만,신규,활성,4,27898525226415817,https://www.facebook.com/ads/library/?id=27898525226415817,top,2026-06-14,https://scontent.fesb4-1.fna.fbcdn.net/v/t39.35426-6/721575604_1261714239143981_8011068296489683311_n.jpg?_nc_cat=105&ccb=1-7&_nc_sid=c53f8f&_nc_ohc=nHNWdynXrUgQ7kNvwGrIzTy&_nc_oc=Adoxo9JeefXm6AeFL9lIv3Dezjqnu-HBjchvOh87V0n78NnkLAntJye7AzdF_emobE4&_nc_zt=14&_nc_ht=scontent.fesb4-1.fna&_nc_gid=jxGNlZRvURy7uIPOhjppiw&_nc_ss=7f289&oh=00_Af-nz5vVcKaP-ih8SayXxQFtT8blDAea_yKFpcFah3km6A&oe=6A392659,image,3,DCO,1.5,2026-06-18,2026-06-18,"대화를 기억하고, 반복 업무를 스스로 학습하는 나만의 AI 에이전트.
바로 경험해 보세요!",
Cafe24,14일 미만,신규,활성,4,1744461996899113,https://www.facebook.com/ads/library/?id=1744461996899113,top,2026-06-14,https://scontent.fsgn18-1.fna.fbcdn.net/v/t39.35426-6/723624952_1567487011459818_2567809186755533601_n.jpg?_nc_cat=111&ccb=1-7&_nc_sid=c53f8f&_nc_ohc=gn31HJdjtccQ7kNvwE0tVoh&_nc_oc=Adog77f2AOM-YqwhCOUOCiBXIYRwatU9y8LXtvxIl2uXSCQGuQERFdHRAnBu3NTJa_c&_nc_zt=14&_nc_ht=scontent.fsgn18-1.fna&_nc_gid=UcSM9iSJIWwUTF9scdJ0_Q&_nc_ss=7f180&oh=00_Af81S3bu-DLKbvFPIOm86gdQlUiQIVKHzYbXGR48Khye7g&oe=6A3927D9,image,3,DCO,1.5,2026-06-18,2026-06-18,"광고비 선결제 제로! 
비용 부담 없이 마케팅 먼저 시작하고, 매출 내고 정산하는 카페24 후불 광고를 지금 바로 경험해 보세요.

#카페24후불광고 #후불광고 #온라인광고 #디지털광고 #광고대행 #광고대행사 #카페24",
Cafe24,14일 미만,신규,활성,11,1259517979392880,https://www.facebook.com/ads/library/?id=1259517979392880,top,2026-06-07,https://scontent.fsgn18-1.fna.fbcdn.net/v/t39.35426-6/719548630_1474365987309048_1447177015777703679_n.jpg?_nc_cat=101&ccb=1-7&_nc_sid=c53f8f&_nc_ohc=K5n_1k9L0VYQ7kNvwFs6jnO&_nc_oc=AdqBWjp2PBiL4dMA7s89AclJ63_4EtRkJaFi73o2GjoSkxAbPGTaQqRPtf9yMXDtjjc&_nc_zt=14&_nc_ht=scontent.fsgn18-1.fna&_nc_gid=UcSM9iSJIWwUTF9scdJ0_Q&_nc_ss=7f180&oh=00_Af_aHBQqpD73yzjIgz-7WW5lNE2i-qSbPb0xlPznCd6kbg&oe=6A392FBA,image,3,DCO,1.5,2026-06-18,2026-06-18,"문자 발송부터 오픈마켓 연동, 택배 관리까지 추가 비용 제로!
카페24 PRO에서 유지비 전액 지원받고 성장에만 집중하세요

#마켓관리대행 #카페24PRO #마켓관리 #마켓대행 #카페24",
Cafe24,14일 미만,신규,활성,10,1789532875352278,https://www.facebook.com/ads/library/?id=1789532875352278,top,2026-06-08,https://scontent.fsgn18-1.fna.fbcdn.net/v/t39.35426-6/718063512_1579346180469642_4524040206267206793_n.jpg?_nc_cat=106&ccb=1-7&_nc_sid=c53f8f&_nc_ohc=N46xp5__aAMQ7kNvwGk5Ie9&_nc_oc=AdoDdFp3_xOZHXsCH4vEtcjlnZae64Zrg1SjyFcCSB28iIK8yJqbcW8j-s5MIVM263M&_nc_zt=14&_nc_ht=scontent.fsgn18-1.fna&_nc_gid=-SaXsaoVzB4EhZX1C2HcsQ&_nc_ss=7f180&oh=00_Af8ez0kM3Iwcscu2SH1NKnyRYnaNQiVQQNQgPgr5OapnUw&oe=6A39368C,image,3,DCO,1.5,2026-06-18,2026-06-18,"품절 상품 광고는 끄고, 남은 재고는 빠르게 비우고!
실시간 창고 데이터 연동으로 광고비 낭비를 완벽하게 막으세요

#카페24후불광고 #후불광고 #온라인광고 #디지털광고 #광고대행 #광고대행사 #카페24",
Cafe24,14일 미만,신규,활성,4,1238854438188672,https://www.facebook.com/ads/library/?id=1238854438188672,top,2026-06-14,https://scontent.fsgn18-1.fna.fbcdn.net/v/t39.35426-6/724558791_976535651964412_6988152198612890700_n.jpg?_nc_cat=107&ccb=1-7&_nc_sid=c53f8f&_nc_ohc=mWt9MUQQRYsQ7kNvwFXsQhE&_nc_oc=Adp-yKeHMYRaNAG1G6cSRCCQOopp6TB5l5zigsVTLa4p_Y-YBTrZey9_wF2294UehGE&_nc_zt=14&_nc_ht=scontent.fsgn18-1.fna&_nc_gid=-SaXsaoVzB4EhZX1C2HcsQ&_nc_ss=7f180&oh=00_Af-AEWxLgkhQvJ9jIWi_rTBvqUa1NJ1NyXMp1guTsNKGAA&oe=6A392BEF,image,3,DCO,1.5,2026-06-18,2026-06-18,"품절된 상품인 줄 모르고 계속 나가는 광고비, 너무 아깝죠?
실시간 창고 데이터 연동으로 마케팅 예산 누수를 완벽하게 막으세요!

#카페24후불광고 #후불광고 #온라인광고 #디지털광고 #광고대행 #광고대행사 #카페24",
Cafe24,14일 미만,신규,활성,12,4290641887857055,https://www.facebook.com/ads/library/?id=4290641887857055,top,2026-06-06,https://scontent.fsgn18-1.fna.fbcdn.net/v/t39.35426-6/580803107_1793903607996177_3755872346991202753_n.jpg?_nc_cat=107&ccb=1-7&_nc_sid=c53f8f&_nc_ohc=CuD-KUcZO4cQ7kNvwEmapgf&_nc_oc=AdrlsQmjvRyE7hrFlYHAT2oNWeUZnZJIdpWA7fcxmVcdpK-o0485-ZkNvDSPsqS81U0&_nc_zt=14&_nc_ht=scontent.fsgn18-1.fna&_nc_gid=37j2CslneiHS3aIXub-3Jg&_nc_ss=7f180&oh=00_Af9XQpqT6ckv8A6e3UmiRgIuYqxWm-a0k0GPUap4al7dhQ&oe=6A392EE3,image,3,DCO,1.5,2026-06-18,2026-06-18,"높은 수수료에 지쳤다면, 이제 유튜브 쇼핑은 카페24로!
중개 수수료 ZERO, 복잡한 정산도 ZERO.
이제 엄한 데 돈 쓰지 마세요.
비용 부담 없이, 입증된 크리에이터와 제휴하세요!",
Cafe24,14일 미만,신규,활성,4,882331474195664,https://www.facebook.com/ads/library/?id=882331474195664,top,2026-06-14,https://scontent.fsgn18-1.fna.fbcdn.net/v/t39.35426-6/719190076_1439981251496698_4815184509596428516_n.jpg?_nc_cat=107&ccb=1-7&_nc_sid=c53f8f&_nc_ohc=GIizJrMHKEQQ7kNvwGOGeR4&_nc_oc=Adpcjah9aQgRSjSe9hsVocOlglV_N-3hnghbagFbPcmrdgvsI0NdlBQ_wnPQiPENkr4&_nc_zt=14&_nc_ht=scontent.fsgn18-1.fna&_nc_gid=37j2CslneiHS3aIXub-3Jg&_nc_ss=7f180&oh=00_Af_PICEdEXOX5-YsTIG4UGu80h5GTfUexUsAVQSouxFo8Q&oe=6A39392E,image,3,DCO,1.5,2026-06-18,2026-06-18,"대화를 기억하고, 반복 업무를 스스로 학습하는 나만의 AI 에이전트.
바로 경험해 보세요!",
Cafe24,14일 미만,신규,활성,6,969232879254072,https://www.facebook.com/ads/library/?id=969232879254072,top,2026-06-12,https://scontent.fsgn18-1.fna.fbcdn.net/v/t39.35426-6/580803107_1793903607996177_3755872346991202753_n.jpg?_nc_cat=107&ccb=1-7&_nc_sid=c53f8f&_nc_ohc=CuD-KUcZO4cQ7kNvwEmapgf&_nc_oc=AdrlsQmjvRyE7hrFlYHAT2oNWeUZnZJIdpWA7fcxmVcdpK-o0485-ZkNvDSPsqS81U0&_nc_zt=14&_nc_ht=scontent.fsgn18-1.fna&_nc_gid=37j2CslneiHS3aIXub-3Jg&_nc_ss=7f180&oh=00_Af9XQpqT6ckv8A6e3UmiRgIuYqxWm-a0k0GPUap4al7dhQ&oe=6A392EE3,image,3,DCO,1.5,2026-06-18,2026-06-18,"높은 수수료에 지쳤다면, 이제 유튜브 쇼핑은 카페24로!
중개 수수료 ZERO, 복잡한 정산도 ZERO.
이제 엄한 데 돈 쓰지 마세요.
비용 부담 없이, 입증된 크리에이터와 제휴하세요!",
Cafe24,14일 미만,신규,활성,4,1461975342279320,https://www.facebook.com/ads/library/?id=1461975342279320,top,2026-06-14,https://scontent.fsgn18-1.fna.fbcdn.net/v/t39.35426-6/722768374_977443078249418_7524678350519012508_n.jpg?_nc_cat=105&ccb=1-7&_nc_sid=c53f8f&_nc_ohc=aAWS9MVYTcQQ7kNvwGAXPHS&_nc_oc=AdrgaJwahdHRduIJ8KPdf3nYSomrcixv32ujkBhK547kpgs5YiCoJeARvtL7OFh-Ag4&_nc_zt=14&_nc_ht=scontent.fsgn18-1.fna&_nc_gid=37j2CslneiHS3aIXub-3Jg&_nc_ss=7f180&oh=00_Af9jGvV9Xcb2cubXfyZS8U0OApS4ErDcRYrepHGuUkCgog&oe=6A3941BD,image,3,DCO,1.5,2026-06-18,2026-06-18,"일예산 1만 원으로 대행사 전문가를 고용하는 방법!
소재 제작부터 매체 운영까지 손대지 말고 카페24에 완벽하게 일임하세요.

#PRO마케팅 #카페24PRO마케팅 #카페24PRO #광고대행 #마케팅대행 #온라인광고 #쇼핑몰광고",
Cafe24,14일 미만,신규,활성,4,27451710924462351,https://www.facebook.com/ads/library/?id=27451710924462351,top,2026-06-14,https://scontent.fsgn18-1.fna.fbcdn.net/v/t39.35426-6/720527741_1327186235447383_6036854424462034036_n.jpg?_nc_cat=101&ccb=1-7&_nc_sid=c53f8f&_nc_ohc=yqI1OfnjAkcQ7kNvwHKo0A2&_nc_oc=Adr-1q6wsPn-RaWbIfLTx9tEDfttgFgO4Tb5MUEEpMXbFa_UcUbaOphz6VP48KJaOO4&_nc_zt=14&_nc_ht=scontent.fsgn18-1.fna&_nc_gid=-SaXsaoVzB4EhZX1C2HcsQ&_nc_ss=7f180&oh=00_Af-L3uJqYiz4x8A5ln7PSomBWGv_5og0auzZDRcD65SW-g&oe=6A3914C3,image,3,DCO,1.5,2026-06-18,2026-06-18,"ChatGPT·Claude에서 코딩부터 배포까지 한 방에. 
AI에게 ""배포해줘"" 한 마디면 끝!",
Cafe24,14일 미만,신규,활성,2,990761823941686,https://www.facebook.com/ads/library/?id=990761823941686,top,2026-06-16,https://scontent.fsgn18-1.fna.fbcdn.net/v/t39.35426-6/715391455_1088496976833461_1511310295116885568_n.jpg?_nc_cat=100&ccb=1-7&_nc_sid=c53f8f&_nc_ohc=WTtnPoxnPyMQ7kNvwHs7ZwJ&_nc_oc=AdqL0rJM3lheBUkYTX19h1W5RupR2ykL9to9MZUXP3VJ7dq2m4k-cMm3kpHzjWxXp68&_nc_zt=14&_nc_ht=scontent.fsgn18-1.fna&_nc_gid=37j2CslneiHS3aIXub-3Jg&_nc_ss=7f180&oh=00_Af-Vq-4xzhA75kVkQ0JKyvFrYpTrVkG1vBQz9CVFa9zaAQ&oe=6A3924A6,image,1,단일,1.4,2026-06-18,2026-06-18,"광고가 막막한 사장님을 위해 다 담은, PRO 마케팅 키트
배너 제작부터 매체 세팅, 성과 리포트 발행까지 패키지로 알아서 굴러가요.
지금 무료로 신청하세요 🙌

#PRO마케팅 #카페24PRO마케팅 #카페24PRO #광고대행 #마케팅대행 #온라인광고 #쇼핑몰광고",
